uid,source,title,company,region,category,skills,salary_min,salary_max,url,first_seen,last_seen
remoteok:1134457,remoteok,Business Analyst,Blockchain.com,USA,analyst,Excel|A/B测试,,,https://remoteOK.com/remote-jobs/remote-business-analyst-blockchain-com-1134457,2026-07-05,2026-07-08
remoteok:1134429,remoteok,Junior Data Analyst,Numa,其他,analyst,SQL|Excel|Tableau|Power BI|Looker|统计学,,,https://remoteOK.com/remote-jobs/remote-junior-data-analyst-numa-1134429,2026-07-05,2026-07-08
remoteok:1134402,remoteok,Asset Management Analyst Multifamily Real Estate,Bluecore Residential,USA,analyst,Excel,,,https://remoteOK.com/remote-jobs/remote-asset-management-analyst-multifamily-real-estate-bluecore-residential-1134402,2026-07-05,2026-07-07
remoteok:1134396,remoteok,Senior AI Engineer Architect,Lemon.io,全球远程,other_data,SQL|Python,80000,190000,https://remoteOK.com/remote-jobs/remote-senior-ai-engineer-architect-lemon-io-1134396,2026-07-05,2026-07-07
remoteok:1134357,remoteok,Data Scientist,New Flyer,加拿大,scientist,SQL|Python|Power BI|Snowflake|机器学习|统计学,,,https://remoteOK.com/remote-jobs/remote-data-scientist-new-flyer-1134357,2026-07-05,2026-07-06
remotive:1749306,remotive,Copywriter,Coalition Technologies ,全球远程,other_data,Excel,,,https://remotive.com/remote-jobs/writing/copywriter-1749306,2026-07-05,2026-07-15
remotive:2090986,remotive,Senior AI Engineer,Lemon.io,欧洲,other_data,Python|机器学习,,,https://remotive.com/remote-jobs/software-development/senior-ai-engineer-2090986,2026-07-05,2026-07-15
remotive:2090942,remotive,Customer Operations & Writing Specialist,"Clerky, Inc.",全球远程,other_data,机器学习,,,https://remotive.com/remote-jobs/customer-service/customer-operations-writing-specialist-2090942,2026-07-05,2026-07-15
remotive:2090985,remotive,Communications Manager,Lemon.io,欧洲,other_data,机器学习,,,https://remotive.com/remote-jobs/communications/communications-manager-2090985,2026-07-05,2026-07-15
remotive:2091039,remotive,Client Success Coach (CSM),Impact Clients,欧洲,other_data,,,,https://remotive.com/remote-jobs/customer-service/client-success-coach-csm-2091039,2026-07-05,2026-07-15
remotive:2091038,remotive,Sales Assistant ,Endureed by Global Innovation ,USA,other_data,Excel,,,https://remotive.com/remote-jobs/sales/sales-assistant-2091038,2026-07-05,2026-07-15
remotive:2091035,remotive,Mid/Senior AI Cinematic Video Editor,EverAI,全球远程,other_data,Excel|机器学习,,,https://remotive.com/remote-jobs/artificial-intelligence/mid-senior-ai-cinematic-video-editor-2091035,2026-07-05,2026-07-15
remotive:2090984,remotive,Senior Product Manager,Lemon.io,欧洲,other_data,Python|Azure|机器学习,,,https://remotive.com/remote-jobs/product/senior-product-manager-2090984,2026-07-05,2026-07-15
remotive:2091000,remotive,Staff Product Engineer (São Paulo),LawnStarter,其他,other_data,AWS|机器学习,,,https://remotive.com/remote-jobs/product/staff-product-engineer-sao-paulo-2091000,2026-07-05,2026-07-15
remotive:2090994,remotive,Senior Quality Engineer (Florianópolis),LawnStarter,其他,other_data,SQL|机器学习,,,https://remotive.com/remote-jobs/qa/senior-quality-engineer-florianopolis-2090994,2026-07-05,2026-07-15
remotive:2090995,remotive,Senior Quality Engineer (São Paulo),LawnStarter,其他,other_data,SQL|机器学习,,,https://remotive.com/remote-jobs/qa/senior-quality-engineer-sao-paulo-2090995,2026-07-05,2026-07-15
remotive:2090996,remotive,Senior Quality Engineer (Belo Horizonte),LawnStarter,其他,other_data,SQL|机器学习,,,https://remotive.com/remote-jobs/qa/senior-quality-engineer-belo-horizonte-2090996,2026-07-05,2026-07-15
remotive:2090998,remotive,Senior Quality Engineer (Campinas),LawnStarter,其他,other_data,SQL|机器学习,,,https://remotive.com/remote-jobs/qa/senior-quality-engineer-campinas-2090998,2026-07-05,2026-07-15
remotive:2090997,remotive,Senior Quality Engineer (Porto Alegre),LawnStarter,其他,other_data,SQL|机器学习,,,https://remotive.com/remote-jobs/qa/senior-quality-engineer-porto-alegre-2090997,2026-07-05,2026-07-15
remotive:2090887,remotive,Mid/Senior AI Cinematic Video Editor,EverAI,全球远程,other_data,Excel|机器学习,,,https://remotive.com/remote-jobs/artificial-intelligence/mid-senior-ai-cinematic-video-editor-2090887,2026-07-05,2026-07-15
remotive:1919266,remotive,Senior Independent AI Engineer / Architect,A.Team,欧洲,other_data,机器学习,,,https://remotive.com/remote-jobs/software-development/senior-independent-ai-engineer-architect-1919266,2026-07-05,2026-07-15
remotive:1919265,remotive,Senior Independent Software Developer,A.Team,欧洲,other_data,,,,https://remotive.com/remote-jobs/software-development/senior-independent-software-developer-1919265,2026-07-05,2026-07-15
remotive:2090991,remotive,Frontend Developer,Quinncia Inc,全球远程,other_data,机器学习,,,https://remotive.com/remote-jobs/software-development/frontend-developer-2090991,2026-07-05,2026-07-15
remotive:2069746,remotive,Tech Lead Full-Stack Rails Engineer,Mitre Media,USA,other_data,A/B测试|机器学习,,,https://remotive.com/remote-jobs/software-development/tech-lead-full-stack-rails-engineer-2069746,2026-07-05,2026-07-14
remotive:2090989,remotive,Assistant Account Payable,The Obesity Society,USA,other_data,Excel,,,https://remotive.com/remote-jobs/medical/assistant-account-payable-2090989,2026-07-05,2026-07-15
remotive:2090983,remotive,Head of Engineering,Lemon.io,欧洲,other_data,机器学习,,,https://remotive.com/remote-jobs/software-development/head-of-engineering-2090983,2026-07-05,2026-07-12
remotive:1680495,remotive,Office Assistant,Coalition Technologies ,全球远程,other_data,Excel,,,https://remotive.com/remote-jobs/marketing/office-assistant-1680495,2026-07-05,2026-07-15
remotive:2090988,remotive,Quality Assurance Rater - German (Germany),TELUS Digital,Germany,other_data,机器学习,,,https://remotive.com/remote-jobs/all-others/quality-assurance-rater-german-germany-2090988,2026-07-05,2026-07-12
remotive:2090982,remotive,Senior Data Scientist,Lemon.io,欧洲,scientist,Python|AWS|Azure|GCP|机器学习|pandas,,,https://remotive.com/remote-jobs/data/senior-data-scientist-2090982,2026-07-05,2026-07-12
remotive:1956455,remotive,iOS Developer,nooro,USA,other_data,,,,https://remotive.com/remote-jobs/software-development/ios-developer-1956455,2026-07-05,2026-07-09
remotive:2090949,remotive,High-Ticket Financial Sales Specialist & Team Lead Track,FSE LLC,全球远程,other_data,Excel,,,https://remotive.com/remote-jobs/sales/high-ticket-financial-sales-specialist-team-lead-track-2090949,2026-07-05,2026-07-15
remotive:2086540,remotive,Inside Sales Contractor,"Credit Wellness, LLC",全球远程,other_data,,,,https://remotive.com/remote-jobs/sales/inside-sales-contractor-2086540,2026-07-05,2026-07-15
remotive:2090945,remotive,Online Data Analyst Canada (French Language),TELUS Digital,加拿大,analyst,,,,https://remotive.com/remote-jobs/all-others/online-data-analyst-canada-french-language-2090945,2026-07-05,2026-07-06
remotive:2090946,remotive,Online Data Analyst United States Spanish speakers,TELUS Digital,USA,analyst,,,,https://remotive.com/remote-jobs/all-others/online-data-analyst-united-states-spanish-speakers-2090946,2026-07-05,2026-07-06
remotive:2090944,remotive,Online Data Analyst Canada,TELUS Digital,加拿大,analyst,,,,https://remotive.com/remote-jobs/all-others/online-data-analyst-canada-2090944,2026-07-05,2026-07-06
remotive:1185979,remotive,Freelance Writer,IAPWE,全球远程,other_data,,,,https://remotive.com/remote-jobs/writing/freelance-writer-1185979,2026-07-05,2026-07-15
remotive:2090943,remotive,Head of Sales,The Land Geek,全球远程,other_data,R,,,https://remotive.com/remote-jobs/sales/head-of-sales-2090943,2026-07-05,2026-07-05
arbeitnow:senior-data-ki-architekt-braunschweig-87569,arbeitnow,(Senior) Data & KI Architekt (m/w/d),TEQYARD,Germany,other_data,,,,https://www.arbeitnow.com/jobs/companies/teqyard/senior-data-ki-architekt-braunschweig-87569,2026-07-05,2026-07-06
arbeitnow:it-business-analyst-munich-49076,arbeitnow,IT Business Analyst (m/w/d),MY Humancapital GmbH,Germany,analyst,SQL,,,https://www.arbeitnow.com/jobs/companies/my-humancapital-gmbh/it-business-analyst-munich-49076,2026-07-05,2026-07-06
arbeitnow:senior-data-scientist-berlin-287953,arbeitnow,Senior Data Scientist (m/f/x),GRID eSports GmbH,Germany,scientist,Python|Airflow|机器学习|统计学,,,https://www.arbeitnow.com/jobs/companies/grid-esports-gmbh/senior-data-scientist-berlin-287953,2026-07-05,2026-07-06
arbeitnow:investment-analyst-im-bereich-kapitalmarkte-essen-477457,arbeitnow,Investment Analyst (m/w/d) im Bereich Kapitalmärkte,DeltaValue GmbH,Germany,analyst,,,,https://www.arbeitnow.com/jobs/companies/deltavalue-gmbh/investment-analyst-im-bereich-kapitalmarkte-essen-477457,2026-07-05,2026-07-06
arbeitnow:werkstudentin-im-bereich-data-social-media-nuremberg-168293,arbeitnow,Werkstudent:in im Bereich Data & Social Media,Based,Germany,other_data,Excel|R,,,https://www.arbeitnow.com/jobs/companies/based/werkstudentin-im-bereich-data-social-media-nuremberg-168293,2026-07-05,2026-07-06
arbeitnow:senior-fpa-analyst-d-berlin-457985,arbeitnow,Senior FP&A Analyst (w/m/x/d),MILES Mobility,Germany,analyst,SQL|Python|Excel|R,,,https://www.arbeitnow.com/jobs/companies/miles-mobility/senior-fpa-analyst-d-berlin-457985,2026-07-05,2026-07-06
arbeitnow:senior-data-scientist-hamburg-24700,arbeitnow,Senior Data Scientist,Pertemps ERP,Germany,scientist,SQL|Python|A/B测试|机器学习,,,https://www.arbeitnow.com/jobs/companies/pertemps-erp/senior-data-scientist-hamburg-24700,2026-07-05,2026-07-06
arbeitnow:business-development-manager-data-center-wetzlar-42490,arbeitnow,Business Development Manager (m/w/d) Data Center,Janitza electronics GmbH,Germany,other_data,,,,https://www.arbeitnow.com/jobs/companies/janitza-electronics-gmbh/business-development-manager-data-center-wetzlar-42490,2026-07-05,2026-07-05
arbeitnow:senior-consultant-regulatory-analyst-frankfurt-am-main-339678,arbeitnow,(Senior) Consultant Regulatory Analyst (m/w/d),Severn Consultancy GmbH,Germany,analyst,,,,https://www.arbeitnow.com/jobs/companies/severn-consultancy-gmbh/senior-consultant-regulatory-analyst-frankfurt-am-main-339678,2026-07-05,2026-07-05
jobicy:145332,jobicy,Data Analyst,YipitData,USA,analyst,,,,https://jobicy.com/jobs/145332-data-analyst-2,2026-07-05,2026-07-15
jobicy:145333,jobicy,Senior Staff Data Scientist - Consumer Relevance,Reddit,USA,scientist,A/B测试|机器学习|统计学,,,https://jobicy.com/jobs/145333-senior-staff-data-scientist-consumer-relevance,2026-07-05,2026-07-15
jobicy:148653,jobicy,"Senior Marketing Analyst, Strategy & Analytics",Toptal,USA,analyst,SQL|Tableau,,,https://jobicy.com/jobs/148653-senior-marketing-analyst-strategy-analytics,2026-07-05,2026-07-15
jobicy:145319,jobicy,Senior AI Data Engineer,Scorpion,USA,engineer,机器学习,,,https://jobicy.com/jobs/145319-senior-ai-data-engineer,2026-07-05,2026-07-15
jobicy:148529,jobicy,Researcher - Part-time (Entry Level),IMPACT Group,USA,other_data,,,,https://jobicy.com/jobs/148529-researcher-part-time-entry-level,2026-07-05,2026-07-15
jobicy:148403,jobicy,"Projets de collecte de données/d'enregistrement | Français & Anglais | Remote, Part Time, Work from Home",RWS Group,其他,other_data,,,,https://jobicy.com/jobs/148403-projets-de-collecte-de-donnees-denregistrement-francais-anglais-remote-part-time-work-from-home,2026-07-05,2026-07-15
jobicy:148375,jobicy,Military Advisor- Sentiment Analysis (Part Time/Remote) (Mission Assurance 4)- 29181,HII,USA,other_data,机器学习,,,https://jobicy.com/jobs/148375-military-advisor-sentiment-analysis-part-time-remote-mission-assurance-4-29181,2026-07-05,2026-07-15
jobicy:145916,jobicy,Lead Machine Learning Engineer,Thoughtworks,加拿大,scientist,Python|机器学习,,,https://jobicy.com/jobs/145916-lead-machine-learning-engineer,2026-07-05,2026-07-15
jobicy:148333,jobicy,"Director I, Data Science, Enterprise Data & Data Science",Liberty Mutual,USA,scientist,机器学习|统计学,,,https://jobicy.com/jobs/148333-director-i-data-science-enterprise-data-data-science,2026-07-05,2026-07-15
jobicy:148324,jobicy,BI Consultant,NielsenIQ,USA,analyst,Excel|Tableau|Power BI,,,https://jobicy.com/jobs/148324-bi-consultant,2026-07-05,2026-07-15
jobicy:144925,jobicy,Senior Analytics Engineer,Reddit,加拿大,engineer,SQL|Python|Spark|统计学|ETL,,,https://jobicy.com/jobs/144925-senior-analytics-engineer-2,2026-07-05,2026-07-08
jobicy:145143,jobicy,Senior Product Scientist (Marketing Intelligence),Headspace,USA,other_data,A/B测试,,,https://jobicy.com/jobs/145143-senior-product-scientist-marketing-intelligence,2026-07-05,2026-07-10
jobicy:148225,jobicy,"Quant Risk Analyst, Derivatives (EU timezone)",Binance,欧洲,analyst,,,,https://jobicy.com/jobs/148225-quant-risk-analyst-derivatives-eu-timezone,2026-07-05,2026-07-15
jobicy:148223,jobicy,Senior Data Engineer,Zartis,欧洲,engineer,SQL|Python|Power BI|Azure,,,https://jobicy.com/jobs/148223-senior-data-engineer-2,2026-07-05,2026-07-15
jobicy:148198,jobicy,"Director I, Data Science Product Management",Liberty Mutual,USA,scientist,A/B测试|机器学习,,,https://jobicy.com/jobs/148198-director-i-data-science-product-management,2026-07-05,2026-07-15
jobicy:144924,jobicy,Analytics Engineer,Reddit,加拿大,engineer,R|A/B测试|统计学,,,https://jobicy.com/jobs/144924-analytics-engineer,2026-07-05,2026-07-06
jobicy:148056,jobicy,Principal ML Engineer,Cloudbeds,欧洲,scientist,SQL|Python|Airflow|AWS|机器学习|统计学,,,https://jobicy.com/jobs/148056-principal-ml-engineer,2026-07-05,2026-07-15
jobicy:144814,jobicy,Senior Machine Learning Scientist (USA Remote),"Turnitin, LLC",USA,scientist,SQL|机器学习,,,https://jobicy.com/jobs/144814-senior-machine-learning-scientist-usa-remote-2,2026-07-05,2026-07-10
jobicy:144856,jobicy,Senior Data Scientist,Customer.io,USA,scientist,SQL|Python|Snowflake|dbt|BigQuery|A/B测试|机器学习|统计学,,,https://jobicy.com/jobs/144856-senior-data-scientist-4,2026-07-05,2026-07-15
jobicy:147988,jobicy,Research Scientist II,Pindrop,USA,other_data,Python|A/B测试|机器学习|统计学,,,https://jobicy.com/jobs/147988-research-scientist-ii,2026-07-05,2026-07-15
jobicy:141971,jobicy,"Data Scientist, Analytics (Technical Leadership)",Meta,USA,scientist,SQL|Python|R|A/B测试|机器学习|统计学,,,https://jobicy.com/jobs/141971-data-scientist-analytics-technical-leadership,2026-07-05,2026-07-15
jobicy:142522,jobicy,Machine Learning Engineer,Twilio,USA,scientist,SQL|Python|Spark|Snowflake|Airflow|AWS|Azure|GCP|BigQuery|机器学习|ETL,,,https://jobicy.com/jobs/142522-machine-learning-engineer,2026-07-05,2026-07-10
jobicy:147881,jobicy,"Senior Data Analyst, Business Intelligence",StackAdapt,USA,analyst,SQL|Tableau|Looker|R|ETL,,,https://jobicy.com/jobs/147881-senior-data-analyst-business-intelligence,2026-07-05,2026-07-15
jobicy:147852,jobicy,"Principal Analyst, Data Integration",H1,USA,analyst,,,,https://jobicy.com/jobs/147852-principal-analyst-data-integration,2026-07-05,2026-07-15
jobicy:147851,jobicy,"Staff Data Scientist, Ads Delivery",Pinterest,USA,scientist,SQL|Python|R|Spark|A/B测试|机器学习|统计学,,,https://jobicy.com/jobs/147851-staff-data-scientist-ads-delivery,2026-07-05,2026-07-15
jobicy:142519,jobicy,Senior Data Scientist,Clover Health,USA,scientist,SQL|Python|机器学习|统计学,,,https://jobicy.com/jobs/142519-senior-data-scientist-3,2026-07-05,2026-07-15
jobicy:142571,jobicy,Senior Data Analyst,Salesloft,其他,analyst,SQL|Python|Tableau|Looker|R|dbt,,,https://jobicy.com/jobs/142571-senior-data-analyst-3,2026-07-05,2026-07-15
jobicy:142570,jobicy,Senior Data Engineer,Salesloft,其他,engineer,SQL|Snowflake|dbt|Airflow|机器学习,,,https://jobicy.com/jobs/142570-senior-data-engineer-9,2026-07-05,2026-07-15
jobicy:142623,jobicy,Manager/ Sr. Manager - BI Consulting (Life Sciences/Pharma),Tiger Analytics,加拿大,analyst,SQL|Python|Power BI|R|机器学习|ETL,,,https://jobicy.com/jobs/142623-manager-sr-manager-bi-consulting-life-sciences-pharma,2026-07-05,2026-07-15
jobicy:147745,jobicy,"Senior Anaplan Model Builder, GTM Strategy & Operations",HubSpot,USA,other_data,SQL|Excel|ETL,,,https://jobicy.com/jobs/147745-senior-anaplan-model-builder-gtm-strategy-operations,2026-07-05,2026-07-15
jobicy:143120,jobicy,"Senior Data Scientist, RC Capital",RevenueCat,USA,scientist,SQL|Python,,,https://jobicy.com/jobs/143120-senior-data-scientist-rc-capital,2026-07-05,2026-07-15
jobicy:143584,jobicy,Power BI Architect,Tiger Analytics,USA,analyst,SQL|Power BI|Azure|机器学习,,,https://jobicy.com/jobs/143584-power-bi-architect,2026-07-05,2026-07-15
jobicy:147720,jobicy,Korean Speech Recognition Trainer,Hire Feed,其他,other_data,,,,https://jobicy.com/jobs/147720-korean-speech-recognition-trainer,2026-07-05,2026-07-15
jobicy:144709,jobicy,AI/ML Engineering,Cint,其他,scientist,SQL|Python|AWS|机器学习|统计学,,,https://jobicy.com/jobs/144709-ai-ml-engineering,2026-07-05,2026-07-15
jobicy:144714,jobicy,Lead Insurance Pricing Analyst,Monzo,UK,analyst,,,,https://jobicy.com/jobs/144714-lead-insurance-pricing-analyst,2026-07-05,2026-07-15
jobicy:147613,jobicy,"Analyst, GTM Customer Intelligence",Apollo.io,USA,analyst,,,,https://jobicy.com/jobs/147613-analyst-gtm-customer-intelligence,2026-07-05,2026-07-15
jobicy:147600,jobicy,Data Services Analyst,Cloudbeds,拉美,analyst,Excel,,,https://jobicy.com/jobs/147600-data-services-analyst,2026-07-05,2026-07-15
jobicy:147556,jobicy,"Analyst, Health Plan Risk & Quality Reporting (Remote in FL)",Molina Healthcare,USA,analyst,SQL|Excel|Power BI|AWS|Azure,,,https://jobicy.com/jobs/147556-analyst-health-plan-risk-quality-reporting-remote-in-fl,2026-07-05,2026-07-15
jobicy:147548,jobicy,"Director I, Data Science, People, Purpose & Brand",Liberty Mutual,USA,scientist,SQL|Python|机器学习|统计学,,,https://jobicy.com/jobs/147548-director-i-data-science-people-purpose-brand,2026-07-05,2026-07-15
jobicy:147512,jobicy,Ontology Architect,Tiger Analytics,USA,other_data,A/B测试|机器学习|ETL,,,https://jobicy.com/jobs/147512-ontology-architect,2026-07-05,2026-07-15
jobicy:147495,jobicy,Applied Data Scientist / Machine Learning Engineer (Decision Intelligence),WorkWave,USA,scientist,SQL|Python|A/B测试|机器学习|统计学,,,https://jobicy.com/jobs/147495-applied-data-scientist-machine-learning-engineer-decision-intelligence,2026-07-05,2026-07-15
jobicy:144463,jobicy,Senior Data Engineer,Experian,其他,engineer,SQL|Python|AWS|机器学习,,,https://jobicy.com/jobs/144463-senior-data-engineer-10,2026-07-05,2026-07-15
jobicy:144505,jobicy,Sr. Intelligence Analyst II,CrowdStrike,UK,analyst,,,,https://jobicy.com/jobs/144505-sr-intelligence-analyst-ii,2026-07-05,2026-07-15
jobicy:147401,jobicy,AI Research Scientist (Europe/UK - Remote),SWORD Health,欧洲,other_data,Python|机器学习,,,https://jobicy.com/jobs/147401-ai-research-scientist-europe-uk-remote,2026-07-05,2026-07-15
jobicy:144144,jobicy,Senior Data Engineer,Plain Concepts,其他,engineer,SQL|Python|Spark|Snowflake|dbt|AWS|Azure,,,https://jobicy.com/jobs/144144-senior-data-engineer,2026-07-05,2026-07-15
jobicy:143977,jobicy,Senior People Technology Analyst - Workday,Samsara,UK,analyst,,,,https://jobicy.com/jobs/143977-senior-people-technology-analyst-workday,2026-07-05,2026-07-15
jobicy:143979,jobicy,Senior Data Analyst,Ruby Labs,其他,analyst,SQL|Python|Tableau|Looker|R|Airflow|GCP|BigQuery|A/B测试,,,https://jobicy.com/jobs/143979-senior-data-analyst-4,2026-07-05,2026-07-15
jobicy:144095,jobicy,"Senior Manager, Analytics Strategy & Operations (Contractor)",Fortis Games,其他,analyst,A/B测试,,,https://jobicy.com/jobs/144095-senior-manager-analytics-strategy-operations-contractor,2026-07-05,2026-07-15
jobicy:145306,jobicy,"Lead Business Analyst (Enterprise Modernisation, Platform and Cloud)",Thoughtworks,其他,analyst,,,,https://jobicy.com/jobs/145306-lead-business-analyst-enterprise-modernisation-platform-and-cloud,2026-07-05,2026-07-15
jobicy:147136,jobicy,"Analyst Customer Success, Measurement US",Cint,USA,analyst,Excel,,,https://jobicy.com/jobs/147136-analyst-customer-success-measurement-us,2026-07-05,2026-07-15
jobicy:147113,jobicy,Analytics Engineer,Experian,USA,engineer,Python|Airflow|AWS|机器学习|统计学|pandas,,,https://jobicy.com/jobs/147113-analytics-engineer-2,2026-07-05,2026-07-15
jobicy:146983,jobicy,Machine Learning Research Manager,Miro,欧洲,scientist,Excel|机器学习|统计学,,,https://jobicy.com/jobs/146983-machine-learning-research-manager,2026-07-05,2026-07-15
jobicy:146982,jobicy,Customer and Sector Insights Lead: Mining,Spirax Group,欧洲,other_data,,,,https://jobicy.com/jobs/146982-customer-and-sector-insights-lead-mining,2026-07-05,2026-07-15
jobicy:146932,jobicy,"Business Intelligence Lead, Performance Marketing",Launch Potato,USA,analyst,SQL|Tableau|Power BI,,,https://jobicy.com/jobs/146932-business-intelligence-lead-performance-marketing,2026-07-05,2026-07-13
jobicy:146931,jobicy,Lead Analytics Manager,Launch Potato,USA,analyst,SQL|Tableau|Power BI,,,https://jobicy.com/jobs/146931-lead-analytics-manager,2026-07-05,2026-07-13
jobicy:146930,jobicy,Lead BI Developer,Launch Potato,USA,analyst,SQL|Tableau|Power BI,,,https://jobicy.com/jobs/146930-lead-bi-developer,2026-07-05,2026-07-13
jobicy:146929,jobicy,Lead BI Manager,Launch Potato,USA,analyst,SQL|Tableau|Power BI,,,https://jobicy.com/jobs/146929-lead-bi-manager,2026-07-05,2026-07-13
jobicy:146928,jobicy,"Lead Data Analyst, Marketing",Launch Potato,USA,analyst,SQL|Tableau|Power BI,,,https://jobicy.com/jobs/146928-lead-data-analyst-marketing-2,2026-07-05,2026-07-13
jobicy:146778,jobicy,Principal Statistician Consultant-R&I (Respiratory & Immunology) REMOTE@EU/UK,ClinChoice,欧洲,other_data,R|统计学,,,https://jobicy.com/jobs/146778-principal-statistician-consultant-ri-respiratory-immunology-remoteeu-uk,2026-07-05,2026-07-15
jobicy:146730,jobicy,IRB Program Analyst,Temple University,USA,analyst,Excel,,,https://jobicy.com/jobs/146730-irb-program-analyst,2026-07-05,2026-07-15
jobicy:146687,jobicy,"Data Science Engineer (Shreveport, LA)",Pratt Industries,USA,scientist,Python|Excel|机器学习|统计学,,,https://jobicy.com/jobs/146687-data-science-engineer-shreveport-la,2026-07-05,2026-07-15
jobicy:146609,jobicy,"Assistant Director, Data Engineering",University of Colorado,USA,engineer,ETL,,,https://jobicy.com/jobs/146609-assistant-director-data-engineering,2026-07-05,2026-07-15
jobicy:146606,jobicy,"Director, Data Science: Data Science Tools",Liberty Mutual,USA,scientist,Python|Airflow|机器学习|统计学,,,https://jobicy.com/jobs/146606-director-data-science-data-science-tools,2026-07-05,2026-07-15
jobicy:146605,jobicy,"Assistant Director, Data Science: Renter's Portfolio",Liberty Mutual,USA,scientist,统计学,,,https://jobicy.com/jobs/146605-assistant-director-data-science-renters-portfolio,2026-07-05,2026-07-15
jobicy:146556,jobicy,Machine Learning Engineering Manager - Ads Engagement Modeling,Reddit,USA,scientist,机器学习,,,https://jobicy.com/jobs/146556-machine-learning-engineering-manager-ads-engagement-modeling,2026-07-05,2026-07-15
jobicy:146434,jobicy,"AI Vendor Market Expert (Senior Director, Analyst – Fully Remote United States)",Gartner,USA,analyst,,,,https://jobicy.com/jobs/146434-ai-vendor-market-expert-senior-director-analyst-fully-remote-united-states,2026-07-05,2026-07-15
jobicy:146432,jobicy,IT Software Asset Management Analyst,DoorDash,USA,analyst,,,,https://jobicy.com/jobs/146432-it-software-asset-management-analyst,2026-07-05,2026-07-15
jobicy:146302,jobicy,Senior Data Scientist - Real Estate,Truelogic,拉美,scientist,SQL|Python|A/B测试|机器学习|统计学|pandas,,,https://jobicy.com/jobs/146302-senior-data-scientist-real-estate,2026-07-05,2026-07-05
jobicy:146291,jobicy,Sr. Machine Learning Solutions Architect,phData,拉美,scientist,R|Snowflake|dbt|AWS|Azure|GCP|机器学习,,,https://jobicy.com/jobs/146291-sr-machine-learning-solutions-architect,2026-07-05,2026-07-15
jobicy:146282,jobicy,Senior/Lead Data Engineer – AI-Native Aftermarket Platform,Truelogic,拉美,engineer,SQL|Python|Spark|Snowflake|dbt|机器学习,,,https://jobicy.com/jobs/146282-senior-lead-data-engineer-ai-native-aftermarket-platform,2026-07-05,2026-07-15
jobicy:146273,jobicy,Analytics Engineer - Digital Media,Truelogic,拉美,engineer,SQL|Tableau|Snowflake|dbt|AWS,,,https://jobicy.com/jobs/146273-analytics-engineer-digital-media,2026-07-05,2026-07-06
jobicy:146263,jobicy,Senior Data Engineer,phData,拉美,engineer,SQL|Python|Spark|Snowflake|dbt|Airflow|AWS|Azure|GCP,,,https://jobicy.com/jobs/146263-senior-data-engineer-11,2026-07-05,2026-07-12
jobicy:146262,jobicy,Senior Data Engineer - Enterprise B2B Marketplace,Truelogic,拉美,engineer,SQL|Python|dbt|Airflow|AWS,,,https://jobicy.com/jobs/146262-senior-data-engineer-enterprise-b2b-marketplace,2026-07-05,2026-07-15
jobicy:146252,jobicy,Sr. Data & AI Engineer,ECS,USA,other_data,Snowflake|AWS|Azure,,,https://jobicy.com/jobs/146252-sr-data-ai-engineer,2026-07-05,2026-07-12
jobicy:146193,jobicy,Data Quality Specialist,University of Colorado,USA,other_data,,,,https://jobicy.com/jobs/146193-data-quality-specialist,2026-07-05,2026-07-11
jobicy:146098,jobicy,Head of Data Science,Function Health,USA,scientist,R|A/B测试,,,https://jobicy.com/jobs/146098-head-of-data-science,2026-07-05,2026-07-10
jobicy:145945,jobicy,Data Scientist,Cint,UK,scientist,SQL|Python|Spark|机器学习|统计学,,,https://jobicy.com/jobs/145945-data-scientist-6,2026-07-05,2026-07-08
jobicy:145885,jobicy,"Project Director, Qualitative Research",M3 USA,UK,other_data,Excel,,,https://jobicy.com/jobs/145885-project-director-qualitative-research,2026-07-05,2026-07-15
jobicy:145848,jobicy,Senior Data Scientist,Rundoo,USA,scientist,Python|A/B测试|机器学习|统计学,,,https://jobicy.com/jobs/145848-senior-data-scientist-5,2026-07-05,2026-07-15
jobicy:145648,jobicy,"Principal, Marketing Analytics",Remote,USA,analyst,Tableau|Looker|Snowflake|dbt,,,https://jobicy.com/jobs/145648-principal-marketing-analytics,2026-07-05,2026-07-15
jobicy:145639,jobicy,AI Expert,ECS,USA,other_data,Python|AWS|机器学习|ETL,,,https://jobicy.com/jobs/145639-ai-expert,2026-07-05,2026-07-05
jobicy:145557,jobicy,"Director, Marketing Analytics",Chime,USA,analyst,SQL|Python|Tableau|Power BI|Looker|A/B测试|统计学,,,https://jobicy.com/jobs/145557-director-marketing-analytics,2026-07-05,2026-07-05
workingnomads:https://www.workingnomads.com/job/go/1705883/,workingnomads,Senior BI Developer (Tableau),Proxify,其他,analyst,SQL|Python|Tableau|R|Snowflake|dbt|AWS|BigQuery|机器学习,,,https://www.workingnomads.com/job/go/1705883/,2026-07-05,2026-07-15
workingnomads:https://www.workingnomads.com/job/go/1705880/,workingnomads,Senior Java Backend Developer,Proxify,其他,other_data,SQL,,,https://www.workingnomads.com/job/go/1705880/,2026-07-05,2026-07-15
workingnomads:https://www.workingnomads.com/job/go/1705878/,workingnomads,Senior Ruby on Rails Developer,Proxify,其他,other_data,SQL,,,https://www.workingnomads.com/job/go/1705878/,2026-07-05,2026-07-15
workingnomads:https://www.workingnomads.com/job/go/1705874/,workingnomads,Senior Data Engineer (Python),Proxify,其他,engineer,SQL|Python|Snowflake|dbt|Airflow|AWS|BigQuery|ETL|pandas,,,https://www.workingnomads.com/job/go/1705874/,2026-07-05,2026-07-15
workingnomads:https://www.workingnomads.com/job/go/1705869/,workingnomads,Senior Fullstack Developer (React.js / Node.js),Proxify,其他,other_data,SQL,,,https://www.workingnomads.com/job/go/1705869/,2026-07-05,2026-07-15
workingnomads:https://www.workingnomads.com/job/go/1705859/,workingnomads,Senior Backend Developer (Python),Proxify,其他,other_data,SQL|Python|AWS|GCP,,,https://www.workingnomads.com/job/go/1705859/,2026-07-05,2026-07-15
workingnomads:https://www.workingnomads.com/job/go/1705857/,workingnomads,Senior AI Engineer (LLM),Proxify,其他,other_data,SQL|Python|AWS|Azure|GCP|机器学习,,,https://www.workingnomads.com/job/go/1705857/,2026-07-05,2026-07-15
workingnomads:https://www.workingnomads.com/job/go/1705863/,workingnomads,Senior Laravel Developer,Proxify,其他,other_data,SQL,,,https://www.workingnomads.com/job/go/1705863/,2026-07-05,2026-07-15
workingnomads:https://www.workingnomads.com/job/go/1656107/,workingnomads,AI Content Analyst (No Experience Required),Peroptyx,其他,analyst,机器学习,,,https://www.workingnomads.com/job/go/1656107/,2026-07-05,2026-07-09
workingnomads:https://www.workingnomads.com/job/go/1656105/,workingnomads,Data Analyst (No Experience Required),Peroptyx,加拿大,analyst,,,,https://www.workingnomads.com/job/go/1656105/,2026-07-05,2026-07-09
workingnomads:https://www.workingnomads.com/job/go/1654179/,workingnomads,Senior AI Engineer / Architect,Lemon.io,北美,other_data,SQL|Python|Azure|机器学习,,,https://www.workingnomads.com/job/go/1654179/,2026-07-05,2026-07-08
workingnomads:https://www.workingnomads.com/job/go/1647902/,workingnomads,Data Analyst (No Experience Required),Peroptyx,全球远程,analyst,,,,https://www.workingnomads.com/job/go/1647902/,2026-07-05,2026-07-05
himalayas:mashgin-AI Data Labeler,himalayas,AI Data Labeler,Mashgin,USA,other_data,机器学习,,,https://himalayas.app/companies/mashgin/jobs,2026-07-05,2026-07-05
himalayas:irhythm-Senior Inventory and Cost Analyst,himalayas,Senior Inventory and Cost Analyst,iRhythm,USA,analyst,Excel,94000,122000,https://himalayas.app/companies/irhythm/jobs,2026-07-05,2026-07-05
himalayas:blend360-Data Engineer Manager,himalayas,Data Engineer Manager,Blend360,其他,engineer,Snowflake|AWS,,,https://himalayas.app/companies/blend360/jobs,2026-07-05,2026-07-05
"himalayas:covergo-Senior Business Analyst - Insurance, Spanish Speaker (Fully Remote)",himalayas,"Senior Business Analyst - Insurance, Spanish Speaker (Fully Remote)",CoverGo,其他,analyst,,,,https://himalayas.app/companies/covergo/jobs,2026-07-05,2026-07-05
himalayas:mutt-data-Machine Learning Engineer,himalayas,Machine Learning Engineer,Mutt Data,其他,scientist,SQL|Python|dbt|Airflow|AWS|Azure|GCP|机器学习|统计学|pandas,,,https://himalayas.app/companies/mutt-data/jobs,2026-07-05,2026-07-05
himalayas:startup-wise-guys-Founding CTO (AI/ML / Data Product),himalayas,Founding CTO (AI/ML / Data Product),Startup Wise Guys,其他,other_data,机器学习,,,https://himalayas.app/companies/startup-wise-guys/jobs,2026-07-05,2026-07-05
himalayas:striveworks-Machine Learning Engineer (Active Secret Clearance),himalayas,Machine Learning Engineer (Active Secret Clearance),Striveworks,USA,scientist,Python|机器学习|ETL,160000,190000,https://himalayas.app/companies/striveworks/jobs,2026-07-05,2026-07-05
eleduck:1nfE4x,eleduck,需要开发一个海外购物网站商品数据采集脚本，寻找有经验的 Python 爬虫工程师,,其他,other_data,Python,,,https://eleduck.com/posts/1nfE4x,2026-07-05,2026-07-05
eleduck:v5fWJR,eleduck,[继续招聘]外企招聘 | 远程 | 资深数据工程师 | 20W - 40W,,其他,other_data,,,,https://eleduck.com/posts/v5fWJR,2026-07-05,2026-07-05
remoteok:1134476,remoteok,Lead Data Scientist,Brigit,其他,scientist,SQL|Python|A/B测试|机器学习|统计学|pandas,,,https://remoteOK.com/remote-jobs/remote-lead-data-scientist-brigit-1134476,2026-07-05,2026-07-09
remoteok:1134498,remoteok,Administrative Data Entry File Clerk,Recruitlytics Hiring,加拿大,other_data,Excel,,,https://remoteOK.com/remote-jobs/remote-administrative-data-entry-file-clerk-recruitlytics-hiring-1134498,2026-07-05,2026-07-08
remoteok:1134500,remoteok,Business Operations Analyst,TextUs,USA,analyst,Excel,,,https://remoteOK.com/remote-jobs/remote-business-operations-analyst-textus-1134500,2026-07-05,2026-07-08
himalayas:medtronic-Senior IT Business Analyst,himalayas,Senior IT Business Analyst,Medtronic,其他,analyst,,38400,57600,https://himalayas.app/companies/medtronic/jobs,2026-07-05,2026-07-05
himalayas:precision-medicine-group-Clinical Data Manager II/Senior Clinical Data Manager,himalayas,Clinical Data Manager II/Senior Clinical Data Manager,Precision Medicine Group,其他,other_data,统计学,190200,285400,https://himalayas.app/companies/precision-medicine-group/jobs,2026-07-05,2026-07-05
himalayas:aspenview-technology-partners-inc-AI Data Engineer,himalayas,AI Data Engineer,"AspenView Technology Partners, Inc.",其他,engineer,SQL|Python|Excel,,,https://himalayas.app/companies/aspenview-technology-partners-inc/jobs,2026-07-05,2026-07-05
himalayas:bh-properties-Data Analyst,himalayas,Data Analyst,BH Properties,其他,analyst,SQL|Excel|Tableau|R,,,https://himalayas.app/companies/bh-properties/jobs,2026-07-05,2026-07-05
himalayas:mindrift-Senior Python Data Scraping Engineer (Freelance),himalayas,Senior Python Data Scraping Engineer (Freelance),Mindrift,USA,other_data,Python|AWS,45,45,https://himalayas.app/companies/mindrift/jobs,2026-07-05,2026-07-11
"himalayas:neuraflash-Salesforce Data Architect, Revenue Solutions",himalayas,"Salesforce Data Architect, Revenue Solutions",NeuraFlash,USA,other_data,SQL,,,https://himalayas.app/companies/neuraflash/jobs,2026-07-05,2026-07-05
himalayas:public-consulting-group-Technical Business Analyst,himalayas,Technical Business Analyst,Public Consulting Group,USA,analyst,,51900,99000,https://himalayas.app/companies/public-consulting-group/jobs,2026-07-05,2026-07-05
himalayas:mindrift-Freelance Data Scraping Engineer (Python),himalayas,Freelance Data Scraping Engineer (Python),Mindrift,其他,other_data,Python,37,37,https://himalayas.app/companies/mindrift/jobs,2026-07-05,2026-07-10
himalayas:guidehouse-Fraud AI / Data Healthcare Senior Consultant,himalayas,Fraud AI / Data Healthcare Senior Consultant,Guidehouse,USA,other_data,SQL|Python|Tableau|Power BI|Looker|R|AWS|Azure|GCP|机器学习|ETL,113000,188000,https://himalayas.app/companies/guidehouse/jobs,2026-07-05,2026-07-05
himalayas:olsson-com-Senior Project Manager - Engineering Design - Data Center,himalayas,Senior Project Manager - Engineering Design - Data Center,Olsson,其他,other_data,,,,https://himalayas.app/companies/olsson-com/jobs,2026-07-05,2026-07-05
himalayas:booksy-net-Senior AI Business Analyst (6 months FTC) (m/f/d),himalayas,Senior AI Business Analyst (6 months FTC) (m/f/d),Booksy,其他,analyst,,,,https://himalayas.app/companies/booksy-net/jobs,2026-07-05,2026-07-05
arbeitnow:senior-website-analyst-e-commerce-management-karlsruhe-53256,arbeitnow,(Senior) Website Analyst – E-Commerce Management (w/m/d),IONOS SE,Germany,analyst,SQL|Tableau|Looker|A/B测试,,,https://www.arbeitnow.com/jobs/companies/ionos-se/senior-website-analyst-e-commerce-management-karlsruhe-53256,2026-07-05,2026-07-06
himalayas:neuraflash-Salesforce Data Architect,himalayas,Salesforce Data Architect,NeuraFlash,USA,other_data,ETL,,,https://himalayas.app/companies/neuraflash/jobs,2026-07-05,2026-07-05
himalayas:guidehouse-Salesforce Senior Solution Consultant: Business Analyst,himalayas,Salesforce Senior Solution Consultant: Business Analyst,Guidehouse,USA,analyst,,106000,176000,https://himalayas.app/companies/guidehouse/jobs,2026-07-05,2026-07-05
"himalayas:diligent-robotics-ML Engineer II, Navigation",himalayas,"ML Engineer II, Navigation",Diligent Robotics,USA,scientist,机器学习,,,https://himalayas.app/companies/diligent-robotics/jobs,2026-07-05,2026-07-05
himalayas:sophos-Zuora Revenue- Business Systems Analyst,himalayas,Zuora Revenue- Business Systems Analyst,Sophos,印度,analyst,机器学习,,,https://himalayas.app/companies/sophos/jobs,2026-07-05,2026-07-05
remoteok:1134516,remoteok,Supply Chain Analyst,DIVA,加拿大,analyst,Excel,,,https://remoteOK.com/remote-jobs/remote-supply-chain-analyst-diva-1134516,2026-07-06,2026-07-09
himalayas:core-bts-Service Desk Analyst I - 3rd Shift,himalayas,Service Desk Analyst I - 3rd Shift,name,USA,analyst,,21,23,https://himalayas.app/companies/core-bts/jobs,2026-07-06,2026-07-06
himalayas:hireframe-Data Enrichment Specialist (Part-time),himalayas,Data Enrichment Specialist (Part-time),name,其他,other_data,,,,https://himalayas.app/companies/hireframe/jobs,2026-07-06,2026-07-06
himalayas:mindera-Experienced Data Scientist,himalayas,Experienced Data Scientist,Mindera,其他,scientist,SQL|Python|R|Snowflake|AWS|Azure|GCP|统计学,20673,20673,https://himalayas.app/companies/mindera/jobs,2026-07-06,2026-07-06
himalayas:glueckkanja-ag-Cyber Security Analyst (m/w/d),himalayas,Cyber Security Analyst (m/w/d),glueckkanja AG,Germany,analyst,Azure,,,https://himalayas.app/companies/glueckkanja-ag/jobs,2026-07-06,2026-07-06
himalayas:capslock-Data Scientist,himalayas,Data Scientist,CapsLock,其他,scientist,Python|A/B测试|机器学习|统计学,,,https://himalayas.app/companies/capslock/jobs,2026-07-06,2026-07-06
himalayas:superior-skilled-trades-Stress Analyst,himalayas,Stress Analyst,Superior Skilled Trades,USA,analyst,,65,80,https://himalayas.app/companies/superior-skilled-trades/jobs,2026-07-06,2026-07-06
himalayas:musc-Information Security Specialist/Analyst III - Information Solutions,himalayas,Information Security Specialist/Analyst III - Information Solutions,Medical University of South Carolina,USA,analyst,,,,https://himalayas.app/companies/musc/jobs,2026-07-06,2026-07-06
"himalayas:neuraflash-Salesforce Solution Architect, Data & AI",himalayas,"Salesforce Solution Architect, Data & AI",NeuraFlash,USA,other_data,,87400,266300,https://himalayas.app/companies/neuraflash/jobs,2026-07-06,2026-07-06
himalayas:teya-Senior Machine Learning Engineer,himalayas,Senior Machine Learning Engineer,Teya,其他,scientist,SQL|Python|A/B测试|机器学习|统计学|pandas,,,https://himalayas.app/companies/teya/jobs,2026-07-06,2026-07-06
eleduck:dDfX4Q,eleduck,量化交易系统——数据管道模块外包,,其他,other_data,,,,https://eleduck.com/posts/dDfX4Q,2026-07-06,2026-07-08
remoteok:1134504,remoteok,Business Analyst,Rotaract Club of NIBM Kandy,USA,analyst,SQL|Excel|Tableau|Power BI,,,https://remoteOK.com/remote-jobs/remote-business-analyst-rotaract-club-of-nibm-kandy-1134504,2026-07-06,2026-07-09
arbeitnow:senior-crm-manager-data-automation-dusseldorf-205885,arbeitnow,Senior CRM Manager Data & Automation (m/w/d),Lyto Brands Group,Germany,other_data,Python|A/B测试,,,https://www.arbeitnow.com/jobs/companies/lyto-brands-group/senior-crm-manager-data-automation-dusseldorf-205885,2026-07-06,2026-07-08
arbeitnow:senior-machine-learning-engineer-i-berlin-493840,arbeitnow,Senior Machine Learning Engineer I,SumUp,Germany,scientist,Python|Airflow|AWS|Azure|GCP|机器学习,,,https://www.arbeitnow.com/jobs/companies/sumup/senior-machine-learning-engineer-i-berlin-493840,2026-07-06,2026-07-07
arbeitnow:senior-data-engineer-hamburg-116855,arbeitnow,Senior Data Engineer (f/m/d),VOIDS Technology GmbH,Germany,engineer,SQL|Python|Airflow|AWS|机器学习|pandas,,,https://www.arbeitnow.com/jobs/companies/voids-technology-gmbh/senior-data-engineer-hamburg-116855,2026-07-06,2026-07-07
arbeitnow:werkstudentin-quality-control-analyst-warmepumpe-berlin-496419,arbeitnow,Werkstudent:in (m/w/d) - Quality Control Analyst (Wärmepumpe),1KOMMA5˚,Germany,analyst,,,,https://www.arbeitnow.com/jobs/companies/1komma50/werkstudentin-quality-control-analyst-warmepumpe-berlin-496419,2026-07-06,2026-07-07
arbeitnow:werkstudentin-quality-control-analyst-photovoltaik-berlin-463916,arbeitnow,Werkstudent:in (m/w/d) - Quality Control Analyst (Photovoltaik),1KOMMA5˚,Germany,analyst,,,,https://www.arbeitnow.com/jobs/companies/1komma50/werkstudentin-quality-control-analyst-photovoltaik-berlin-463916,2026-07-06,2026-07-07
arbeitnow:it-consultant-business-analyst-munster-476880,arbeitnow,IT Consultant & Business Analyst (w/m/d),BBHT Beratungsgesellschaft mbH & Co. KG,Germany,analyst,,,,https://www.arbeitnow.com/jobs/companies/bbht-beratungsgesellschaft-mbh-co-kg/it-consultant-business-analyst-munster-476880,2026-07-06,2026-07-07
arbeitnow:business-analyst-banking-regulation-reporting-munster-483111,arbeitnow,Business Analyst - Banking Regulation & Reporting (w/m/d),BBHT Beratungsgesellschaft mbH & Co. KG,Germany,analyst,,,,https://www.arbeitnow.com/jobs/companies/bbht-beratungsgesellschaft-mbh-co-kg/business-analyst-banking-regulation-reporting-munster-483111,2026-07-06,2026-07-07
arbeitnow:senior-google-performance-analytics-manager-stuttgart-367017,arbeitnow,Senior Google Performance & Analytics Manager (m/w/d),eFLY Marketplace Services GmbH,Germany,analyst,GCP,,,https://www.arbeitnow.com/jobs/companies/efly-marketplace-services-gmbh/senior-google-performance-analytics-manager-stuttgart-367017,2026-07-06,2026-07-07
arbeitnow:software-engineer-data-infrastructure-acquisition-frankfurt-germany-60496,arbeitnow,"Software Engineer, Data Infrastructure & Acquisition - Frankfurt, Germany",Speechify,Germany,engineer,Python|GCP,,,https://www.arbeitnow.com/jobs/companies/speechify/software-engineer-data-infrastructure-acquisition-frankfurt-germany-60496,2026-07-06,2026-07-07
arbeitnow:software-engineer-data-infrastructure-acquisition-berlin-germany-312490,arbeitnow,"Software Engineer, Data Infrastructure & Acquisition - Berlin, Germany",Speechify,Germany,engineer,Python|GCP,,,https://www.arbeitnow.com/jobs/companies/speechify/software-engineer-data-infrastructure-acquisition-berlin-germany-312490,2026-07-06,2026-07-07
"himalayas:bluelight-consulting-Data Engineer (Azure) - Remote, Latin America",himalayas,"Data Engineer (Azure) - Remote, Latin America",Bluelight Consulting,其他,engineer,SQL|Python|Azure|ETL,,,https://himalayas.app/companies/bluelight-consulting/jobs,2026-07-06,2026-07-06
himalayas:jll-Senior Data Engineer,himalayas,Senior Data Engineer,JLL,其他,engineer,SQL|Python|Spark|AWS|Azure|GCP|BigQuery|ETL,,,https://himalayas.app/companies/jll/jobs,2026-07-06,2026-07-06
"himalayas:ci-t-[Job-30277] Senior Data Steward ( Data Governance), Brazil",himalayas,"[Job-30277] Senior Data Steward ( Data Governance), Brazil",CI&T,其他,other_data,Python|ETL,,,https://himalayas.app/companies/ci-t/jobs,2026-07-06,2026-07-06
himalayas:novacard-Antifraud Analyst,himalayas,Antifraud Analyst,Novacard,其他,analyst,SQL|Python|Excel|Tableau|Power BI,,,https://himalayas.app/companies/novacard/jobs,2026-07-06,2026-07-06
himalayas:remote-recruitment-Technical Support Analyst,himalayas,Technical Support Analyst,Remote Recruitment,其他,analyst,,25000,35000,https://himalayas.app/companies/remote-recruitment/jobs,2026-07-06,2026-07-06
himalayas:psi-cro-Data Manager for Clinical Trials,himalayas,Data Manager for Clinical Trials,PSI CRO,其他,other_data,,34000,52000,https://himalayas.app/companies/psi-cro/jobs,2026-07-06,2026-07-06
himalayas:bigcommerce-inc-Business Operations Analyst I,himalayas,Business Operations Analyst I,"BigCommerce, Inc.",其他,analyst,,297087,445631,https://himalayas.app/companies/bigcommerce-inc/jobs,2026-07-06,2026-07-06
himalayas:rws-group-AI Data Specialist - India,himalayas,AI Data Specialist - India,RWS Group,印度,other_data,机器学习,4,4,https://himalayas.app/companies/rws-group/jobs,2026-07-06,2026-07-06
himalayas:mercier-consultancy-bg-Dutch Speaking Digital Trust and Safety Analyst,himalayas,Dutch Speaking Digital Trust and Safety Analyst,Mercier Consultancy BG,其他,analyst,,,,https://himalayas.app/companies/mercier-consultancy-bg/jobs,2026-07-06,2026-07-06
himalayas:assembly-industries-Senior Procurement Operations Analyst,himalayas,Senior Procurement Operations Analyst,Assembly Industries,其他,analyst,Excel,,,https://himalayas.app/companies/assembly-industries/jobs,2026-07-06,2026-07-06
himalayas:gain-pro-Freelance Investment Research Analyst - China,himalayas,Freelance Investment Research Analyst - China,Gain.pro,其他,analyst,,,,https://himalayas.app/companies/gain-pro/jobs,2026-07-06,2026-07-06
himalayas:h1-insights-Research Analyst,himalayas,Research Analyst,H1 Insights,印度,analyst,Excel,,,https://himalayas.app/companies/h1-insights/jobs,2026-07-06,2026-07-06
remoteok:1134551,remoteok,Associate Analyst,Trinity Life Sciences,印度,analyst,Excel|统计学,,,https://remoteOK.com/remote-jobs/remote-associate-analyst-trinity-life-sciences-1134551,2026-07-07,2026-07-07
arbeitnow:business-analyst-bankbilanzierung-jahresabschluss-munster-442346,arbeitnow,Business Analyst - Bankbilanzierung & Jahresabschluss (m/w/d),CPU Consulting & Software GmbH,Germany,analyst,Excel,,,https://www.arbeitnow.com/jobs/companies/cpu-consulting-software-gmbh/business-analyst-bankbilanzierung-jahresabschluss-munster-442346,2026-07-07,2026-07-08
arbeitnow:ai-full-stack-software-engineer-im-e-commerce-startup-e-commerce-data-stuttgart-111639,arbeitnow,AI Full Stack Software Engineer im E-Commerce Startup (E-Commerce & Data),Sayano Deutschland GmbH,Germany,other_data,SQL|Python,,,https://www.arbeitnow.com/jobs/companies/sayano-deutschland-gmbh/ai-full-stack-software-engineer-im-e-commerce-startup-e-commerce-data-stuttgart-111639,2026-07-07,2026-07-08
arbeitnow:data-management-coordinator-immenhausen-283212,arbeitnow,Data Management Coordinator (M/W/D),sera Gruppe,Germany,other_data,,,,https://www.arbeitnow.com/jobs/companies/sera-gruppe/data-management-coordinator-immenhausen-283212,2026-07-07,2026-07-08
arbeitnow:junior-business-analyst-ki-ai-champion-hamburg-411937,arbeitnow,(Junior) Business Analyst – KI/AI Champion (m/w/d),Prokuras Beteiligungs GmbH,Germany,analyst,Excel,,,https://www.arbeitnow.com/jobs/companies/prokuras-beteiligungs-gmbh/junior-business-analyst-ki-ai-champion-hamburg-411937,2026-07-07,2026-07-08
arbeitnow:working-student-ai-product-engineering-data-munich-252542,arbeitnow,Working Student: AI Product Engineering - Data (m/f/d),Retorio GmbH,Germany,other_data,SQL|Python,,,https://www.arbeitnow.com/jobs/companies/retorio-gmbh/working-student-ai-product-engineering-data-munich-252542,2026-07-07,2026-07-08
arbeitnow:financial-analyst-corporate-finance-munich-183005,arbeitnow,Financial Analyst Corporate Finance (m/w/d),MY Humancapital GmbH,Germany,analyst,Excel,,,https://www.arbeitnow.com/jobs/companies/my-humancapital-gmbh/financial-analyst-corporate-finance-munich-183005,2026-07-07,2026-07-08
arbeitnow:senior-analytics-engineer-run-grow-berlin-330888,arbeitnow,Senior Analytics Engineer - Run & Grow,SumUp,Germany,engineer,SQL|Snowflake|dbt,,,https://www.arbeitnow.com/jobs/companies/sumup/senior-analytics-engineer-run-grow-berlin-330888,2026-07-07,2026-07-08
jobicy:148891,jobicy,Principal AI Data Analyst,UnitedHealth Group,USA,analyst,SQL|Python|机器学习,,,https://jobicy.com/jobs/148891-principal-ai-data-analyst,2026-07-07,2026-07-14
workingnomads:https://www.workingnomads.com/job/go/1712616/,workingnomads,Data Analyst (No Experience Required),Peroptyx,全球远程,analyst,,,,https://www.workingnomads.com/job/go/1712616/,2026-07-07,2026-07-15
himalayas:seagate-technology-llc-Corporate Credit Analyst II (US),himalayas,Corporate Credit Analyst II (US),"Seagate Technology, LLC",USA,analyst,Excel|机器学习|统计学,59300,84700,https://himalayas.app/companies/seagate-technology-llc/jobs,2026-07-07,2026-07-07
himalayas:aker-systems-Lead Data Analyst,himalayas,Lead Data Analyst,Aker Systems,UK,analyst,SQL,,,https://himalayas.app/companies/aker-systems/jobs,2026-07-07,2026-07-07
himalayas:prominence-advisors-Epic PB Claims Analyst,himalayas,Epic PB Claims Analyst,Prominence Advisors,USA,analyst,,,,https://himalayas.app/companies/prominence-advisors/jobs,2026-07-07,2026-07-07
himalayas:j29-inc-Dispute Resolution Analyst I,himalayas,Dispute Resolution Analyst I,"J29, Inc",USA,analyst,,16.25,18.25,https://himalayas.app/companies/j29-inc/jobs,2026-07-07,2026-07-07
himalayas:astreya-Data Analyst III,himalayas,Data Analyst III,Astreya,其他,analyst,SQL|Excel|Tableau|Looker|统计学,,,https://himalayas.app/companies/astreya/jobs,2026-07-07,2026-07-07
"himalayas:precision-for-medicine-Analyst, Business & Competitive Intelligence",himalayas,"Analyst, Business & Competitive Intelligence",Precision for Medicine,印度,analyst,,,,https://himalayas.app/companies/precision-for-medicine/jobs,2026-07-07,2026-07-07
eleduck:x0f1Qz,eleduck,数据分析师 报道！！15k~20k,,其他,analyst,Python,,,https://eleduck.com/posts/x0f1Qz,2026-07-07,2026-07-09
remoteok:1134599,remoteok,Compliance Market Surveillance Analyst,Crypto.com,其他,analyst,,,,https://remoteOK.com/remote-jobs/remote-compliance-market-surveillance-analyst-crypto-com-1134599,2026-07-08,2026-07-11
remoteok:1134566,remoteok,Associate Data Analyst,Arabian Private Holdings,UK,analyst,,,,https://remoteOK.com/remote-jobs/remote-associate-data-analyst-arabian-private-holdings-1134566,2026-07-08,2026-07-10
remoteok:1134577,remoteok,Junior Business Analyst,Arabian Private Holdings,UK,analyst,,,,https://remoteOK.com/remote-jobs/remote-junior-business-analyst-arabian-private-holdings-1134577,2026-07-08,2026-07-10
arbeitnow:aws-cloud-data-engineer-essen-139122,arbeitnow,AWS Cloud Data Engineer (m/w/d),Unigy GmbH,Germany,engineer,Python|AWS|ETL,,,https://www.arbeitnow.com/jobs/companies/unigy-gmbh/aws-cloud-data-engineer-essen-139122,2026-07-08,2026-07-09
arbeitnow:junior-google-performance-analytics-manager-stuttgart-461128,arbeitnow,Junior Google Performance & Analytics Manager (m/w/d),eFLY Marketplace Services GmbH,Germany,analyst,Excel,,,https://www.arbeitnow.com/jobs/companies/efly-marketplace-services-gmbh/junior-google-performance-analytics-manager-stuttgart-461128,2026-07-08,2026-07-09
arbeitnow:werkstudent-machine-learning-neuronale-netze-automatisierungstechnik-romerberg-90107,arbeitnow,Werkstudent (m/w/d) Machine Learning / Neuronale Netze / Automatisierungstechnik,INP Deutschland GmbH,Germany,scientist,Python|机器学习,,,https://www.arbeitnow.com/jobs/companies/inp-deutschland-gmbh/werkstudent-machine-learning-neuronale-netze-automatisierungstechnik-romerberg-90107,2026-07-08,2026-07-08
jobicy:149012,jobicy,Costpoint Cognos Report Writer and General Ledger Business Analyst,ManTech,USA,analyst,SQL,,,https://jobicy.com/jobs/149012-costpoint-cognos-report-writer-and-general-ledger-business-analyst,2026-07-08,2026-07-15
himalayas:nvent-Strategic Account Manager - Data Center Cooling (HDLC),himalayas,Strategic Account Manager - Data Center Cooling (HDLC),nVent,USA,other_data,,114500,241500,https://himalayas.app/companies/nvent/jobs,2026-07-08,2026-07-08
"himalayas:ambry-genetics-Clinical Genomic Scientist II (genome analyst): REMOTE, USA",himalayas,"Clinical Genomic Scientist II (genome analyst): REMOTE, USA",Ambry Genetics,USA,analyst,,110000,114000,https://himalayas.app/companies/ambry-genetics/jobs,2026-07-08,2026-07-08
himalayas:trend-health-partners-Claims Analyst III,himalayas,Claims Analyst III,Trend Health Partners,USA,analyst,Excel,70000,80000,https://himalayas.app/companies/trend-health-partners/jobs,2026-07-08,2026-07-08
himalayas:telnyx-Network Project Manager (Data Center Builds),himalayas,Network Project Manager (Data Center Builds),Telnyx,其他,other_data,,,,https://himalayas.app/companies/telnyx/jobs,2026-07-08,2026-07-08
himalayas:justmarkets-Engineering Manager (Data Direction),himalayas,Engineering Manager (Data Direction),JustMarkets,全球远程,other_data,,,,https://himalayas.app/companies/justmarkets/jobs,2026-07-08,2026-07-08
"himalayas:rtx-Sr Analyst Non-Product, Procurement",himalayas,"Sr Analyst Non-Product, Procurement",RTX,其他,analyst,,,,https://himalayas.app/companies/rtx/jobs,2026-07-08,2026-07-08
himalayas:n-ix-Senior Business Analyst (System Integration),himalayas,Senior Business Analyst (System Integration),N-iX,其他,analyst,,,,https://himalayas.app/companies/n-ix/jobs,2026-07-08,2026-07-08
himalayas:wwt-Business Operations Analyst,himalayas,Business Operations Analyst,WWT,其他,analyst,,,,https://himalayas.app/companies/wwt/jobs,2026-07-08,2026-07-08
himalayas:sphera-Customer Success Operations Analyst,himalayas,Customer Success Operations Analyst,Sphera,全球远程,analyst,SQL|Excel,,,https://himalayas.app/companies/sphera/jobs,2026-07-08,2026-07-08
himalayas:sharecare-Data Entry Specialist - Medical Records,himalayas,Data Entry Specialist - Medical Records,Sharecare,全球远程,other_data,,,,https://himalayas.app/companies/sharecare/jobs,2026-07-08,2026-07-08
"himalayas:tabby-Senior Marketing Analyst, Marketing Analytics",himalayas,"Senior Marketing Analyst, Marketing Analytics",Tabby,全球远程,analyst,SQL|Python|Tableau|A/B测试|pandas,,,https://himalayas.app/companies/tabby/jobs,2026-07-08,2026-07-08
"himalayas:cookunity-Staff Data Engineer, Engineering Foundation",himalayas,"Staff Data Engineer, Engineering Foundation",CookUnity,其他,engineer,SQL|Python|Spark|Snowflake|A/B测试,,,https://himalayas.app/companies/cookunity/jobs,2026-07-08,2026-07-08
himalayas:emerging-travel-group-Senior Data Scientist (Pricing),himalayas,Senior Data Scientist (Pricing),Emerging Travel Group,其他,scientist,SQL|Python|Airflow|A/B测试|机器学习,,,https://himalayas.app/companies/emerging-travel-group/jobs,2026-07-08,2026-07-08
himalayas:free2move-Data Analyst Junior (Remote or Onsite),himalayas,Data Analyst Junior (Remote or Onsite),Free2move,其他,analyst,SQL|Python|Tableau|Power BI|Spark|ETL,,,https://himalayas.app/companies/free2move/jobs,2026-07-08,2026-07-08
himalayas:cambium-learning-group-Machine Learning Software Engineer II,himalayas,Machine Learning Software Engineer II,Cambium Learning Group,USA,scientist,AWS|机器学习|统计学,,,https://himalayas.app/companies/cambium-learning-group/jobs,2026-07-08,2026-07-08
himalayas:smarterdx-Staff Machine Learning Research Scientist,himalayas,Staff Machine Learning Research Scientist,SmarterDx,USA,scientist,Python|Snowflake|Airflow|AWS|机器学习|统计学,220000,260000,https://himalayas.app/companies/smarterdx/jobs,2026-07-08,2026-07-08
eleduck:njf9dr,eleduck,免费推荐/神仙外企/WLB/HR直招/全程远程or坐标杭州-- 数据 Team Lead or 高级数据工程师(英语好),,其他,other_data,,,,https://eleduck.com/posts/njf9dr,2026-07-08,2026-07-14
remoteok:1134595,remoteok,Data center technician Dispatch,Sharp Brains,其他,other_data,,,,https://remoteOK.com/remote-jobs/remote-data-center-technician-dispatch-sharp-brains-1134595,2026-07-09,2026-07-11
remoteok:1134602,remoteok,Data Entry Specialist Assistant Administrator,ReLytics Hire,其他,other_data,Excel,,,https://remoteOK.com/remote-jobs/remote-data-entry-specialist-assistant-administrator-relytics-hire-1134602,2026-07-09,2026-07-11
remoteok:1134579,remoteok,Data Entry Typist,"Argus Medical Management, LLC",USA,other_data,,,,https://remoteOK.com/remote-jobs/remote-data-entry-typist-argus-medical-management-llc-1134579,2026-07-09,2026-07-11
remotive:2091045,remotive,Tier III Service Desk Engineer,Unio Digital,USA,other_data,Azure,,,https://remotive.com/remote-jobs/information-technology/tier-iii-service-desk-engineer-2091045,2026-07-09,2026-07-15
arbeitnow:machine-learning-engineer-all-genders-bremen-414400,arbeitnow,Machine Learning Engineer (all genders),NFON,Germany,scientist,Python|机器学习,,,https://www.arbeitnow.com/jobs/companies/nfon/machine-learning-engineer-all-genders-bremen-414400,2026-07-09,2026-07-11
arbeitnow:machine-learning-engineer-all-genders-bremen-387333,arbeitnow,Machine Learning Engineer (all genders),NFON,Germany,scientist,Python|A/B测试|机器学习,,,https://www.arbeitnow.com/jobs/companies/nfon/machine-learning-engineer-all-genders-bremen-387333,2026-07-09,2026-07-11
arbeitnow:working-student-finance-data-analytics-berlin-165739,arbeitnow,Working Student Finance Data & Analytics (m/w/d),Recare Deutschland GmbH,Germany,analyst,SQL|Python|Excel|Looker|Snowflake,,,https://www.arbeitnow.com/jobs/companies/recare-deutschland-gmbh/working-student-finance-data-analytics-berlin-165739,2026-07-09,2026-07-09
arbeitnow:senior-data-engineer-ssis-sql-dwh-dusseldorf-20377,arbeitnow,Senior Data Engineer (w/m/d) | SSIS & SQL DWH,FlexIT Consulting GmbH,Germany,engineer,SQL|Python|ETL,,,https://www.arbeitnow.com/jobs/companies/flexit-consulting-gmbh/senior-data-engineer-ssis-sql-dwh-dusseldorf-20377,2026-07-09,2026-07-09
arbeitnow:software-engineer-data-infrastructure-acquisition-dusseldorf-germany-dusseldorf-337212,arbeitnow,"Software Engineer, Data Infrastructure & Acquisition - Düsseldorf, Germany",Speechify,Germany,engineer,Python|GCP,,,https://www.arbeitnow.com/jobs/companies/speechify/software-engineer-data-infrastructure-acquisition-dusseldorf-germany-dusseldorf-337212,2026-07-09,2026-07-09
jobicy:149063,jobicy,Machine Learning Engineer,Skylum,欧洲,scientist,Python|机器学习,,,https://jobicy.com/jobs/149063-machine-learning-engineer-4,2026-07-09,2026-07-15
himalayas:sts-systems-support-llc-Data Manager,himalayas,Data Manager,name,全球远程,other_data,统计学,,,https://himalayas.app/companies/sts-systems-support-llc/jobs,2026-07-09,2026-07-09
"himalayas:skyward-specialty-insurance-Senior Analyst, FP&A",himalayas,"Senior Analyst, FP&A",Skyward Specialty Insurance,USA,analyst,Power BI,80000,100000,https://himalayas.app/companies/skyward-specialty-insurance/jobs,2026-07-09,2026-07-09
himalayas:bristol-bay-shared-services-llc-Data Manager,himalayas,Data Manager,"Bristol Bay Shared Services, LLC",USA,other_data,统计学,,,https://himalayas.app/companies/bristol-bay-shared-services-llc/jobs,2026-07-09,2026-07-09
himalayas:fiscalnote-Consulting Senior Analyst,himalayas,Consulting Senior Analyst,FiscalNote,UK,analyst,,,,https://himalayas.app/companies/fiscalnote/jobs,2026-07-09,2026-07-09
himalayas:bybit-Client Service Analyst - Livechat (Burmese),himalayas,Client Service Analyst - Livechat (Burmese),Bybit,其他,analyst,统计学,,,https://himalayas.app/companies/bybit/jobs,2026-07-09,2026-07-09
himalayas:wiz-Technical Audit Senior Analyst,himalayas,Technical Audit Senior Analyst,Wiz,其他,analyst,AWS|Azure|GCP,,,https://himalayas.app/companies/wiz/jobs,2026-07-09,2026-07-09
himalayas:revecore-Senior Machine Learning Engineer,himalayas,Senior Machine Learning Engineer,Revecore,USA,scientist,Python|机器学习,,,https://himalayas.app/companies/revecore/jobs,2026-07-09,2026-07-09
himalayas:mercury-Financial Crimes Compliance Modeling & Analytics Manager,himalayas,Financial Crimes Compliance Modeling & Analytics Manager,Mercury,加拿大,analyst,SQL|Python|机器学习|统计学,149900,208300,https://himalayas.app/companies/mercury/jobs,2026-07-09,2026-07-09
himalayas:curtiss-wright-corporation-Account Manager - Tactical Data Link Solutions,himalayas,Account Manager - Tactical Data Link Solutions,Curtiss-Wright Corporation,USA,other_data,,108900,115000,https://himalayas.app/companies/curtiss-wright-corporation/jobs,2026-07-09,2026-07-09
"himalayas:qad-inc-Senior Analyst, Value Creation & AI Transformation",himalayas,"Senior Analyst, Value Creation & AI Transformation","QAD, Inc.",其他,analyst,Excel,,,https://himalayas.app/companies/qad-inc/jobs,2026-07-09,2026-07-09
himalayas:bybit-Client Service Analyst - Livechat (Cambodian),himalayas,Client Service Analyst - Livechat (Cambodian),Bybit,印度,analyst,统计学,,,https://himalayas.app/companies/bybit/jobs,2026-07-09,2026-07-09
"himalayas:gm-financial-Insurance Product Analyst II, State Management - General Motors Insurance",himalayas,"Insurance Product Analyst II, State Management - General Motors Insurance",GM Financial,USA,analyst,,,,https://himalayas.app/companies/gm-financial/jobs,2026-07-09,2026-07-09
"himalayas:ci-t-[Job - 30340] Senior Data Developer (Analytics Engineer), Colombia",himalayas,"[Job - 30340] Senior Data Developer (Analytics Engineer), Colombia",CI&T,其他,engineer,SQL|Python|BigQuery|机器学习,,,https://himalayas.app/companies/ci-t/jobs,2026-07-09,2026-07-09
remotive:2091048,remotive,Product Sales Specialist - Pet Health,Tribe Wellness,USA,other_data,Excel|Spark,,,https://remotive.com/remote-jobs/sales/product-sales-specialist-pet-health-2091048,2026-07-10,2026-07-15
remotive:2091047,remotive,Online Data Analyst Canada,TELUS Digital,加拿大,analyst,机器学习,,,https://remotive.com/remote-jobs/all-others/online-data-analyst-canada-2091047,2026-07-10,2026-07-15
arbeitnow:financial-analyst-corporate-finance-munich-47214,arbeitnow,Financial Analyst Corporate Finance (m/w/d),MY Humancapital GmbH,Germany,analyst,Excel,,,https://www.arbeitnow.com/jobs/companies/my-humancapital-gmbh/financial-analyst-corporate-finance-munich-47214,2026-07-10,2026-07-13
arbeitnow:it-business-analyst-munich-168601,arbeitnow,IT Business Analyst (m/w/d),MY Humancapital GmbH,Germany,analyst,SQL,,,https://www.arbeitnow.com/jobs/companies/my-humancapital-gmbh/it-business-analyst-munich-168601,2026-07-10,2026-07-13
arbeitnow:investment-analyst-mit-marketingerfahrung-berlin-68378,arbeitnow,Investment Analyst mit Marketingerfahrung (m/w/d),FinMent GmbH,Germany,analyst,,,,https://www.arbeitnow.com/jobs/companies/finment-gmbh/investment-analyst-mit-marketingerfahrung-berlin-68378,2026-07-10,2026-07-13
arbeitnow:robot-perception-ml-engineer-autonomous-mobile-robots-munich-327983,arbeitnow,Robot Perception/ML Engineer (f/m/d) Autonomous Mobile Robots,Magazino GmbH,Germany,scientist,Python|机器学习,,,https://www.arbeitnow.com/jobs/companies/magazino-gmbh/robot-perception-ml-engineer-autonomous-mobile-robots-munich-327983,2026-07-10,2026-07-13
arbeitnow:robot-perception-ml-engineer-autonomous-mobile-robots-munich-423510,arbeitnow,Robot Perception/ML Engineer (w/m/d) Autonomous Mobile Robots,Magazino GmbH,Germany,scientist,Python|机器学习,,,https://www.arbeitnow.com/jobs/companies/magazino-gmbh/robot-perception-ml-engineer-autonomous-mobile-robots-munich-423510,2026-07-10,2026-07-13
arbeitnow:sap-data-analytics-consultant-frankfurt-am-main-345581,arbeitnow,SAP Data & Analytics Consultant (m/w/d),Pertemps ERP,Germany,analyst,,,,https://www.arbeitnow.com/jobs/companies/pertemps-erp/sap-data-analytics-consultant-frankfurt-am-main-345581,2026-07-10,2026-07-12
arbeitnow:senior-google-performance-analytics-manager-stuttgart-262806,arbeitnow,Senior Google Performance & Analytics Manager (m/w/d),eFLY Marketplace Services GmbH,Germany,analyst,GCP,,,https://www.arbeitnow.com/jobs/companies/efly-marketplace-services-gmbh/senior-google-performance-analytics-manager-stuttgart-262806,2026-07-10,2026-07-12
arbeitnow:applied-scientist-machine-learning-engineer-berlin-389240,arbeitnow,Applied Scientist / Machine Learning Engineer,Wolt - English,Germany,scientist,Python|机器学习,,,https://www.arbeitnow.com/jobs/companies/wolt-english/applied-scientist-machine-learning-engineer-berlin-389240,2026-07-10,2026-07-12
arbeitnow:junior-google-performance-analytics-manager-stuttgart-483212,arbeitnow,Junior Google Performance & Analytics Manager (m/w/d),eFLY Marketplace Services GmbH,Germany,analyst,Excel,,,https://www.arbeitnow.com/jobs/companies/efly-marketplace-services-gmbh/junior-google-performance-analytics-manager-stuttgart-483212,2026-07-10,2026-07-12
arbeitnow:it-forensiker-analysten-miwid-frankfurt-am-main-295341,arbeitnow,IT-Forensiker / Analysten (mIwId),LeySelect GmbH,Germany,analyst,,,,https://www.arbeitnow.com/jobs/companies/leyselect-gmbh/it-forensiker-analysten-miwid-frankfurt-am-main-295341,2026-07-10,2026-07-12
arbeitnow:product-manager-business-analyst-enterprise-banking-munich-233538,arbeitnow,Product Manager / Business Analyst (m/w/d) - Enterprise Banking,XALT Business Consulting GmbH,Germany,analyst,,,,https://www.arbeitnow.com/jobs/companies/xalt-business-consulting-gmbh/product-manager-business-analyst-enterprise-banking-munich-233538,2026-07-10,2026-07-12
arbeitnow:senior-python-engineer-cad-3d-geometry-machine-learning-leipzig-314152,arbeitnow,"Senior Python Engineer - CAD, 3D Geometry & Machine Learning (m/w/d)",TOOLPLACE GmbH,Germany,scientist,Python|机器学习,,,https://www.arbeitnow.com/jobs/companies/toolplace-gmbh/senior-python-engineer-cad-3d-geometry-machine-learning-leipzig-314152,2026-07-10,2026-07-12
arbeitnow:senior-data-scientist-consumer-core-berlin-331913,arbeitnow,"Senior Data Scientist, Consumer Core",Wolt - English,Germany,scientist,SQL|Python|Tableau|Looker|A/B测试,,,https://www.arbeitnow.com/jobs/companies/wolt-english/senior-data-scientist-consumer-core-berlin-331913,2026-07-10,2026-07-12
jobicy:147343,jobicy,Data Analytics Senior Consultant I,Allstate,USA,analyst,SQL|Python|Excel,,,https://jobicy.com/jobs/147343-data-analytics-senior-consultant-i,2026-07-10,2026-07-15
workingnomads:https://www.workingnomads.com/job/go/1719512/,workingnomads,AI Content Analyst (No Experience Required),Peroptyx,其他,analyst,机器学习,,,https://www.workingnomads.com/job/go/1719512/,2026-07-10,2026-07-15
workingnomads:https://www.workingnomads.com/job/go/1719508/,workingnomads,Data Analyst (No Experience Required),Peroptyx,加拿大,analyst,,,,https://www.workingnomads.com/job/go/1719508/,2026-07-10,2026-07-15
himalayas:zippi-Legal Analyst,himalayas,Legal Analyst,Zippi,其他,analyst,R,,,https://himalayas.app/companies/zippi/jobs,2026-07-10,2026-07-10
himalayas:simply-tv-Data Editor (TV & Streaming) - German&English (RO/MD),himalayas,Data Editor (TV & Streaming) - German&English (RO/MD),Simply TV,其他,other_data,,800,800,https://himalayas.app/companies/simply-tv/jobs,2026-07-10,2026-07-10
himalayas:rackner-Data Intelligence Analyst (DoD Secret | Remote),himalayas,Data Intelligence Analyst (DoD Secret | Remote),Rackner,USA,analyst,SQL|Python|Excel|Tableau|pandas,,,https://himalayas.app/companies/rackner/jobs,2026-07-10,2026-07-10
himalayas:rgh-global-limited-Research & Advisory Analyst,himalayas,Research & Advisory Analyst,RGH-Global Limited,UK,analyst,Excel,,,https://himalayas.app/companies/rgh-global-limited/jobs,2026-07-10,2026-07-10
himalayas:water-security-Security Analyst 2nd Lvl (m/w/d),himalayas,Security Analyst 2nd Lvl (m/w/d),water IT Security GmbH,Germany,analyst,,,,https://himalayas.app/companies/water-security/jobs,2026-07-10,2026-07-10
himalayas:capgemini-technology-services-FBS - Vendor Experience and Support Analyst,himalayas,FBS - Vendor Experience and Support Analyst,Capgemini Technology Services,其他,analyst,Excel|Power BI,,,https://himalayas.app/companies/capgemini-technology-services/jobs,2026-07-10,2026-07-10
himalayas:zippi-Credit Business Analyst,himalayas,Credit Business Analyst,Zippi,其他,analyst,SQL|R,,,https://himalayas.app/companies/zippi/jobs,2026-07-10,2026-07-10
remoteok:1134665,remoteok,Administrative Data Entry File Clerk,Recruitlytixs Hirings,加拿大,other_data,Excel,,,https://remoteOK.com/remote-jobs/remote-administrative-data-entry-file-clerk-recruitlytixs-hirings-1134665,2026-07-11,2026-07-13
remoteok:1134677,remoteok,Data Entry Specialist Assistant Administrator,Recruitlytixs Hirings,其他,other_data,Excel,,,https://remoteOK.com/remote-jobs/remote-data-entry-specialist-assistant-administrator-recruitlytixs-hirings-1134677,2026-07-11,2026-07-13
remoteok:1134681,remoteok,Data Entry Specialist Assistant Admin,Recruitlytixs Hirings,其他,other_data,Excel,,,https://remoteOK.com/remote-jobs/remote-data-entry-specialist-assistant-admin-recruitlytixs-hirings-1134681,2026-07-11,2026-07-13
remotive:2091056,remotive,"Staff Software Engineer, Product (Belo Horizonte)",LawnStarter,其他,other_data,AWS|机器学习,,,https://remotive.com/remote-jobs/software-development/staff-software-engineer-product-belo-horizonte-2091056,2026-07-11,2026-07-15
remotive:2091058,remotive,"Staff Software Engineer, Product (Montevideo)",LawnStarter,其他,other_data,AWS|机器学习,,,https://remotive.com/remote-jobs/software-development/staff-software-engineer-product-montevideo-2091058,2026-07-11,2026-07-15
remotive:2091055,remotive,"Staff Software Engineer, Product (São Paulo)",LawnStarter,其他,other_data,AWS|机器学习,,,https://remotive.com/remote-jobs/software-development/staff-software-engineer-product-sao-paulo-2091055,2026-07-11,2026-07-15
remotive:2091050,remotive,"Staff Software Engineer, Product (Mexico City)",LawnStarter,其他,other_data,AWS|机器学习,,,https://remotive.com/remote-jobs/software-development/staff-software-engineer-product-mexico-city-2091050,2026-07-11,2026-07-15
remotive:2091049,remotive,"Staff Software Engineer, Product (Campinas)",LawnStarter,其他,other_data,AWS|机器学习,,,https://remotive.com/remote-jobs/software-development/staff-software-engineer-product-campinas-2091049,2026-07-11,2026-07-15
remotive:2091059,remotive,"Staff Software Engineer, Product (Florianópolis)",LawnStarter,其他,other_data,AWS|机器学习,,,https://remotive.com/remote-jobs/software-development/staff-software-engineer-product-florianopolis-2091059,2026-07-11,2026-07-15
remotive:2091057,remotive,Staff Product Engineer (Mexico City),LawnStarter,其他,other_data,AWS|机器学习,,,https://remotive.com/remote-jobs/product/staff-product-engineer-mexico-city-2091057,2026-07-11,2026-07-15
remotive:2091054,remotive,Staff Product Engineer (Montevideo),LawnStarter,其他,other_data,AWS|机器学习,,,https://remotive.com/remote-jobs/product/staff-product-engineer-montevideo-2091054,2026-07-11,2026-07-15
remotive:2091053,remotive,Staff Product Engineer (Campinas),LawnStarter,其他,other_data,AWS|机器学习,,,https://remotive.com/remote-jobs/product/staff-product-engineer-campinas-2091053,2026-07-11,2026-07-15
remotive:2091052,remotive,Staff Product Engineer (Belo Horizonte),LawnStarter,其他,other_data,AWS|机器学习,,,https://remotive.com/remote-jobs/product/staff-product-engineer-belo-horizonte-2091052,2026-07-11,2026-07-15
remotive:2091051,remotive,Staff Product Engineer (Florianópolis),LawnStarter,其他,other_data,AWS|机器学习,,,https://remotive.com/remote-jobs/product/staff-product-engineer-florianopolis-2091051,2026-07-11,2026-07-15
himalayas:outforce-com-ERP Support & Optimization Business Analysts || Work from Home ||,himalayas,ERP Support & Optimization Business Analysts || Work from Home ||,Outforce,其他,analyst,,,,https://himalayas.app/companies/outforce-com/jobs,2026-07-11,2026-07-11
himalayas:mission-underwriting-managers-Senior Business Analyst (Bureau & Regulatory),himalayas,Senior Business Analyst (Bureau & Regulatory),Mission Underwriting Managers,USA,analyst,统计学,,,https://himalayas.app/companies/mission-underwriting-managers/jobs,2026-07-11,2026-07-11
"himalayas:gartner-Sr. Director, Analyst -  Physical AI and Autonomous Technologies (Remote Europe)",himalayas,"Sr. Director, Analyst -  Physical AI and Autonomous Technologies (Remote Europe)",Gartner,UK,analyst,A/B测试,,,https://himalayas.app/companies/gartner/jobs,2026-07-11,2026-07-11
himalayas:caci-international-inc-Senior Program Finance Analyst,himalayas,Senior Program Finance Analyst,CACI International Inc,USA,analyst,,82100,172400,https://himalayas.app/companies/caci-international-inc/jobs,2026-07-11,2026-07-11
himalayas:rocket-software-Benefits Analyst,himalayas,Benefits Analyst,Rocket Software,USA,analyst,Excel,73000,90000,https://himalayas.app/companies/rocket-software/jobs,2026-07-11,2026-07-11
himalayas:resource-staff-IT Data Analyst,himalayas,IT Data Analyst,Resource Staff,USA,analyst,SQL|Tableau|Power BI,,,https://himalayas.app/companies/resource-staff/jobs,2026-07-11,2026-07-11
himalayas:kmc-solutions-inc-XTN-B2E3410 |  AUTOMATION TEST ANALYST (ROBOT FRAMEWORK),himalayas,XTN-B2E3410 |  AUTOMATION TEST ANALYST (ROBOT FRAMEWORK),KMC Solutions Inc,USA,analyst,Python,,,https://himalayas.app/companies/kmc-solutions-inc/jobs,2026-07-11,2026-07-11
himalayas:akamai-technologies-Senior Strategy & Operations Analyst,himalayas,Senior Strategy & Operations Analyst,Akamai Technologies,USA,analyst,SQL|Tableau,112500,202500,https://himalayas.app/companies/akamai-technologies/jobs,2026-07-11,2026-07-11
himalayas:thehivecareers-Senior Data Engineer,himalayas,Senior Data Engineer,TheHiveCareers,其他,engineer,SQL|Python|Spark|AWS|Azure|GCP|ETL,,,https://himalayas.app/companies/thehivecareers/jobs,2026-07-11,2026-07-11
"himalayas:gartner-Senior Director, Analyst – Threat and Exposure Management",himalayas,"Senior Director, Analyst – Threat and Exposure Management",Gartner,UK,analyst,,,,https://himalayas.app/companies/gartner/jobs,2026-07-11,2026-07-11
remoteok:1134707,remoteok,Graduate Data Scientist,Work Force Nexus,其他,scientist,,,,https://remoteOK.com/remote-jobs/remote-graduate-data-scientist-work-force-nexus-1134707,2026-07-12,2026-07-14
remoteok:1134740,remoteok,KYC Compliance Analyst,KAST,USA,analyst,,,,https://remoteOK.com/remote-jobs/remote-kyc-compliance-analyst-kast-1134740,2026-07-12,2026-07-13
jobicy:147605,jobicy,"Senior Business Analyst, Revenue Analytics",Reddit,USA,analyst,SQL|Looker|BigQuery|ETL,,,https://jobicy.com/jobs/147605-senior-business-analyst-revenue-analytics,2026-07-12,2026-07-14
jobicy:149160,jobicy,Video Collection (LATAM) - Freelance AI Trainer Project,Invisible Technologies,拉美,other_data,,,,https://jobicy.com/jobs/149160-video-collection-latam-freelance-ai-trainer-project,2026-07-12,2026-07-15
"himalayas:toasttab-Principal Software Engineer, Advanced Analytics Platform",himalayas,"Principal Software Engineer, Advanced Analytics Platform",Toast,USA,analyst,Spark|AWS|机器学习|ETL,180000,368000,https://himalayas.app/companies/toasttab/jobs,2026-07-12,2026-07-12
himalayas:talent-sam-Data Entry Assistant,himalayas,Data Entry Assistant,Talent Sam,全球远程,other_data,,,,https://himalayas.app/companies/talent-sam/jobs,2026-07-12,2026-07-15
himalayas:remote-va-Financial Auditor / Analyst,himalayas,Financial Auditor / Analyst,Remote VA,其他,analyst,Excel,,,https://himalayas.app/companies/remote-va/jobs,2026-07-12,2026-07-12
himalayas:pavago-E-commerce Operations & Data Analyst,himalayas,E-commerce Operations & Data Analyst,Pavago,其他,analyst,,,,https://himalayas.app/companies/pavago/jobs,2026-07-12,2026-07-12
"himalayas:wpromote-Director, B2B Data Strategy & Revenue Analytics",himalayas,"Director, B2B Data Strategy & Revenue Analytics",Wpromote,USA,analyst,,140000,160000,https://himalayas.app/companies/wpromote/jobs,2026-07-12,2026-07-12
remoteok:1134736,remoteok,Data Entry Typist,DevHub,其他,other_data,,,,https://remoteOK.com/remote-jobs/remote-data-entry-typist-devhub-1134736,2026-07-13,2026-07-15
remoteok:1134778,remoteok,Data Analyst,Grow the Roses,其他,analyst,Excel,,,https://remoteOK.com/remote-jobs/remote-data-analyst-grow-the-roses-1134778,2026-07-13,2026-07-14
arbeitnow:senior-machine-learning-engineer-m-f-berlin-422797,arbeitnow,Senior Machine Learning Engineer (m/f/*),Peregrine Technologies GmbH,Germany,scientist,Python|机器学习,,,https://www.arbeitnow.com/jobs/companies/peregrine-technologies-gmbh/senior-machine-learning-engineer-m-f-berlin-422797,2026-07-13,2026-07-15
arbeitnow:junior-google-performance-analytics-manager-stuttgart-342273,arbeitnow,Junior Google Performance & Analytics Manager (m/w/d),eFLY Marketplace Services GmbH,Germany,analyst,Excel,,,https://www.arbeitnow.com/jobs/companies/efly-marketplace-services-gmbh/junior-google-performance-analytics-manager-stuttgart-342273,2026-07-13,2026-07-14
arbeitnow:senior-google-performance-analytics-manager-stuttgart-401452,arbeitnow,Senior Google Performance & Analytics Manager (m/w/d),eFLY Marketplace Services GmbH,Germany,analyst,GCP,,,https://www.arbeitnow.com/jobs/companies/efly-marketplace-services-gmbh/senior-google-performance-analytics-manager-stuttgart-401452,2026-07-13,2026-07-14
arbeitnow:praktikum-im-bereich-prototyping-data-fur-automotive-computer-vision-unterschleissheim-199311,arbeitnow,Praktikum im Bereich Prototyping & Data für Automotive Computer Vision,Simi Reality Motion Systems GmbH,Germany,other_data,Python|R|机器学习,,,https://www.arbeitnow.com/jobs/companies/simi-reality-motion-systems-gmbh/praktikum-im-bereich-prototyping-data-fur-automotive-computer-vision-unterschleissheim-199311,2026-07-13,2026-07-14
arbeitnow:market-regulation-analyst-intern-werkstudent-at-atmen-munich-90756,arbeitnow,Market & Regulation Analyst Intern/Werkstudent @Atmen,Atmen Solutions GmbH,Germany,analyst,,,,https://www.arbeitnow.com/jobs/companies/atmen-solutions-gmbh/market-regulation-analyst-intern-werkstudent-at-atmen-munich-90756,2026-07-13,2026-07-14
arbeitnow:quantitative-analyst-financial-modeller-berlin-46771,arbeitnow,Quantitative Analyst & Financial Modeller (x/w/m),Hypofriend GmbH,Germany,analyst,SQL|Python|Excel|R,,,https://www.arbeitnow.com/jobs/companies/hypofriend-gmbh/quantitative-analyst-financial-modeller-berlin-46771,2026-07-13,2026-07-14
arbeitnow:software-engineer-data-infrastructure-acquisition-stuttgart-germany-275854,arbeitnow,"Software Engineer, Data Infrastructure & Acquisition - Stuttgart, Germany",Speechify,Germany,engineer,Python|GCP,,,https://www.arbeitnow.com/jobs/companies/speechify/software-engineer-data-infrastructure-acquisition-stuttgart-germany-275854,2026-07-13,2026-07-14
jobicy:149258,jobicy,Senior Statistician,Worldwide Clinical Trials,USA,other_data,统计学,,,https://jobicy.com/jobs/149258-senior-statistician,2026-07-13,2026-07-15
himalayas:relx-Content Performance Analyst,himalayas,Content Performance Analyst,RELX,USA,analyst,SQL|Excel|Tableau|Power BI,74900,124700,https://himalayas.app/companies/relx/jobs,2026-07-13,2026-07-13
"himalayas:nvidia-Senior Software Engineer, DGXC Data Services",himalayas,"Senior Software Engineer, DGXC Data Services",NVIDIA,USA,other_data,Python|AWS|Azure|GCP|机器学习,152000,287500,https://himalayas.app/companies/nvidia/jobs,2026-07-13,2026-07-13
himalayas:kreato-global-Quality Assurance (QA) Analyst,himalayas,Quality Assurance (QA) Analyst,Kreato Global,其他,analyst,,,,https://himalayas.app/companies/kreato-global/jobs,2026-07-13,2026-07-13
himalayas:clevelandcliniclondon-Senior Financial Analyst I,himalayas,Senior Financial Analyst I,Cleveland Clinic,USA,analyst,Excel|Snowflake,100000,120000,https://himalayas.app/companies/clevelandcliniclondon/jobs,2026-07-13,2026-07-13
remoteok:1134803,remoteok,Supply Chain Systems Analyst,Wing,USA,analyst,,,,https://remoteOK.com/remote-jobs/remote-supply-chain-systems-analyst-wing-1134803,2026-07-14,2026-07-15
remoteok:1134777,remoteok,Data Analyst Excel,JobsInMass.com,其他,analyst,Excel,,,https://remoteOK.com/remote-jobs/remote-data-analyst-excel-jobsinmass-com-1134777,2026-07-14,2026-07-15
remoteok:1134759,remoteok,Data Analyst Healthcare,City of Hope,USA,analyst,,,,https://remoteOK.com/remote-jobs/remote-data-analyst-healthcare-city-of-hope-1134759,2026-07-14,2026-07-15
remoteok:1134761,remoteok,Administrative Data Entry File Clerk,ReLytics Hires,加拿大,other_data,Excel,,,https://remoteOK.com/remote-jobs/remote-administrative-data-entry-file-clerk-relytics-hires-1134761,2026-07-14,2026-07-15
remoteok:1134772,remoteok,Data Entry Specialist Assistant Administrator,ReLytics Hires,其他,other_data,Excel,,,https://remoteOK.com/remote-jobs/remote-data-entry-specialist-assistant-administrator-relytics-hires-1134772,2026-07-14,2026-07-15
remoteok:1134755,remoteok,Data Entry Clerk,RemoteHunter,USA,other_data,,,,https://remoteOK.com/remote-jobs/remote-data-entry-clerk-remotehunter-1134755,2026-07-14,2026-07-15
remoteok:1134750,remoteok,Business Analyst,InterEx Group,全球远程,analyst,,,,https://remoteOK.com/remote-jobs/remote-business-analyst-interex-group-1134750,2026-07-14,2026-07-15
remotive:2091062,remotive,Senior Product Engineer (Fullstack),Clipster,欧洲,other_data,GCP|机器学习,,,https://remotive.com/remote-jobs/software-development/senior-product-engineer-fullstack-2091062,2026-07-14,2026-07-15
arbeitnow:senior-software-engineer-ml-engineer-im-bildungsumfeld-remote-heidelberg-356036,arbeitnow,Senior Software Engineer / ML Engineer (m/w/x) im Bildungsumfeld / Remote,GFN GmbH,Germany,scientist,Python|AWS|Azure|机器学习,,,https://www.arbeitnow.com/jobs/companies/gfn-gmbh/senior-software-engineer-ml-engineer-im-bildungsumfeld-remote-heidelberg-356036,2026-07-14,2026-07-15
arbeitnow:manager-financial-planning-analysis-fpa-bi-reporting-dusseldorf-490595,arbeitnow,"Manager Financial Planning & Analysis (FP&A), BI & Reporting (m/w/d)",DIHAG Holding GmbH,Germany,analyst,SQL|Excel|Power BI,,,https://www.arbeitnow.com/jobs/companies/dihag-holding-gmbh/manager-financial-planning-analysis-fpa-bi-reporting-dusseldorf-490595,2026-07-14,2026-07-15
arbeitnow:bi-consultant-power-bi-microsoft-fabric-spezialist-hamburg-377849,arbeitnow,BI Consultant / Power BI & Microsoft Fabric Spezialist (m/w/d),innomotion media GmbH,Germany,analyst,Power BI|AWS|Azure|GCP|ETL,,,https://www.arbeitnow.com/jobs/companies/innomotion-media-gmbh/bi-consultant-power-bi-microsoft-fabric-spezialist-hamburg-377849,2026-07-14,2026-07-15
arbeitnow:staff-software-engineer-ai-data-platform-snowflake-berlin-75874,arbeitnow,"Staff Software Engineer - AI Data Platform & Snowflake (d/f/m, Berlin)",Monda Labs,Germany,engineer,Python|Snowflake|Airflow|Azure|BigQuery,,,https://www.arbeitnow.com/jobs/companies/monda-labs/staff-software-engineer-ai-data-platform-snowflake-berlin-75874,2026-07-14,2026-07-15
arbeitnow:software-engineer-data-infrastructure-acquisition-munich-germany-382903,arbeitnow,"Software Engineer, Data Infrastructure & Acquisition - Munich, Germany",Speechify,Germany,engineer,Python|GCP,,,https://www.arbeitnow.com/jobs/companies/speechify/software-engineer-data-infrastructure-acquisition-munich-germany-382903,2026-07-14,2026-07-15
jobicy:149299,jobicy,"Senior Machine Learning Engineer, Ads Content Understanding",Reddit,USA,scientist,机器学习,,,https://jobicy.com/jobs/149299-senior-machine-learning-engineer-ads-content-understanding,2026-07-14,2026-07-15
himalayas:colibri-group-Call Center Quality Analyst- Remote,himalayas,Call Center Quality Analyst- Remote,Colibri Group,USA,analyst,,42000,47000,https://himalayas.app/companies/colibri-group/jobs,2026-07-14,2026-07-14
himalayas:webbing-DBA & Bulk Data Management Engineer,himalayas,DBA & Bulk Data Management Engineer,Webbing,其他,other_data,Python,,,https://himalayas.app/companies/webbing/jobs,2026-07-14,2026-07-14
himalayas:wellhub-Senior Marketing Analytics Engineer,himalayas,Senior Marketing Analytics Engineer,Wellhub,其他,engineer,SQL|Python|dbt|Airflow|统计学|ETL,,,https://himalayas.app/companies/wellhub/jobs,2026-07-14,2026-07-14
himalayas:mirantis-eCommerce Business Analyst & Project Coordinator,himalayas,eCommerce Business Analyst & Project Coordinator,Mirantis,其他,analyst,Tableau|Looker|Snowflake|AWS|Azure,,,https://himalayas.app/companies/mirantis/jobs,2026-07-14,2026-07-14
himalayas:greystar-R&D Technology Services Analyst,himalayas,R&D Technology Services Analyst,Greystar,USA,analyst,,63000,75000,https://himalayas.app/companies/greystar/jobs,2026-07-14,2026-07-14
himalayas:autodesk-Senior Business Analytics Manager,himalayas,Senior Business Analytics Manager,Autodesk,USA,analyst,SQL|A/B测试,132000,235950,https://himalayas.app/companies/autodesk/jobs,2026-07-14,2026-07-14
"himalayas:launch-potato-Staff Data Scientist, Marketing",himalayas,"Staff Data Scientist, Marketing",Launch Potato,其他,scientist,SQL|Python|Looker|AWS|机器学习,,,https://himalayas.app/companies/launch-potato/jobs,2026-07-14,2026-07-14
himalayas:mercor-Data Engineer - AI Coding Expert,himalayas,Data Engineer - AI Coding Expert,mercor,USA,engineer,ETL,80,80,https://himalayas.app/companies/mercor/jobs,2026-07-14,2026-07-14
himalayas:torc-robotics-Senior Machine Learning Engineer - Learned Planning/Reinforcement Learning,himalayas,Senior Machine Learning Engineer - Learned Planning/Reinforcement Learning,name,USA,scientist,Python|A/B测试|机器学习,226400,271700,https://himalayas.app/companies/torc-robotics/jobs,2026-07-14,2026-07-14
"himalayas:northwestern-memorial-healthcare-Analyst, Revenue Integrity",himalayas,"Analyst, Revenue Integrity",name,USA,analyst,,29.28,45.38,https://himalayas.app/companies/northwestern-memorial-healthcare/jobs,2026-07-14,2026-07-14
remoteok:1134807,remoteok,Entry Level Data Entry Clerk Fully,JobsInMass.com,其他,other_data,Excel,,,https://remoteOK.com/remote-jobs/remote-entry-level-data-entry-clerk-fully-jobsinmass-com-1134807,2026-07-15,2026-07-15
remoteok:1134818,remoteok,Senior Analyst Project Support,Cint,印度,analyst,Excel,,,https://remoteOK.com/remote-jobs/remote-senior-analyst-project-support-cint-1134818,2026-07-15,2026-07-15
remoteok:1134805,remoteok,Data Entry Clerk Data Entry Specialist,Burjline Builders,USA,other_data,,,,https://remoteOK.com/remote-jobs/remote-data-entry-clerk-data-entry-specialist-burjline-builders-1134805,2026-07-15,2026-07-15
arbeitnow:revenue-operations-analyst-all-genders-100-homeoffice-kassel-439988,arbeitnow,Revenue Operations Analyst - (all genders),fino data services GmbH,Germany,analyst,SQL|Python|统计学,,,https://www.arbeitnow.com/jobs/companies/fino-data-services-gmbh/revenue-operations-analyst-all-genders-100-homeoffice-kassel-439988,2026-07-15,2026-07-15
himalayas:oddup-Insights Analyst,himalayas,Insights Analyst,name,印度,analyst,Excel,,,https://himalayas.app/companies/oddup/jobs,2026-07-15,2026-07-15
himalayas:general-dynamics-information-technology-Data Scientist Senior,himalayas,Data Scientist Senior,General Dynamics Information Technology,USA,scientist,AWS|机器学习|统计学|ETL,127500,172500,https://himalayas.app/companies/general-dynamics-information-technology/jobs,2026-07-15,2026-07-15
himalayas:geisinger-Business Intelligence Developer Associate,himalayas,Business Intelligence Developer Associate,Geisinger,USA,analyst,,,,https://himalayas.app/companies/geisinger/jobs,2026-07-15,2026-07-15
himalayas:samsara-Senior People Technology Analyst - Workday,himalayas,Senior People Technology Analyst - Workday,Samsara,USA,analyst,,96092.5,161500,https://himalayas.app/companies/samsara/jobs,2026-07-15,2026-07-15
"himalayas:affirm-Analyst I, Full Stack",himalayas,"Analyst I, Full Stack",Affirm,USA,analyst,SQL|Snowflake|dbt|A/B测试|统计学,102000,155000,https://himalayas.app/companies/affirm/jobs,2026-07-15,2026-07-15
himalayas:huzzle-Business Intelligence Analyst,himalayas,Business Intelligence Analyst,Huzzle,其他,analyst,SQL|Power BI|Azure,,,https://himalayas.app/companies/huzzle/jobs,2026-07-15,2026-07-15
himalayas:qavion-group-gmbh-Senior AI / ML / Data Engineer (m/w/d),himalayas,Senior AI / ML / Data Engineer (m/w/d),QAVION GROUP GmbH,Germany,engineer,SQL|Python|Spark|机器学习|ETL,80000,150000,https://himalayas.app/companies/qavion-group-gmbh/jobs,2026-07-15,2026-07-15
